Plot,Repeat,A_sat,gs_sat,ci_sat,iWUE_sat
1001,1,9.108911767,0.076746821,194.8900027,118.6878054
1001,3,4.083137416,0.046353107,244.7846592,88.08767486
1002,1,16.00759882,0.142665144,205.9607242,112.2039929
1002,2,2.348056876,0.044575256,301.635262,52.67624041
1002,3,14.01031511,0.144872774,228.6938029,96.70771634
1003,1,28.2450709,0.372371651,264.2385043,75.85182935
1003,2,27.56507309,0.309842376,241.5147662,88.96482609
1003,3,30.47003857,0.315511203,230.1159876,96.57355522
1004,1,25.52208776,0.261291003,223.302457,97.67687179
1004,2,22.67326768,0.210312438,208.1003964,107.8075453
1004,3,26.22844291,0.287603662,235.7501108,91.1964845
1005,1,14.19804275,0.156193631,235.4832176,90.90026685
1005,2,10.56756658,0.130157835,256.7638534,81.19039932
1005,3,10.11334563,0.075024814,167.5169438,134.8000092
1006,1,26.04165712,0.301316369,246.666018,86.42629417
1006,2,10.03963141,0.105157084,235.875033,95.4727068
1006,3,14.88232247,0.095744661,136.1261663,155.4376229
1007,1,10.48667072,0.099963934,219.8867493,104.9045419
1007,2,14.19802483,0.176992759,257.8005867,80.21811134
1007,3,18.19200636,0.186515532,229.3155883,97.53614714
1008,1,12.97172552,0.146801349,240.1778964,88.3624406
1008,2,4.057400576,0.074302532,302.6220745,54.60649111
1009,1,23.70037743,0.299641608,257.6218758,79.09574915
1009,2,19.26092093,0.178848834,210.8999088,107.6938582
1009,3,22.50830056,0.232879963,226.5826482,96.65194144
1010,1,20.33060885,0.10389847,72.10581445,195.6776544
1010,2,18.51497207,0.150524339,189.2320887,123.0031783
1010,3,11.38420675,0.166316584,277.8669234,68.44901735
1011,1,8.15632663,0.108920454,262.6893085,74.8833332
1011,2,17.27085239,0.215584039,253.9600917,80.1119252
1012,1,0.301155195,0.002935802,127.8260532,102.5802053
1012,2,21.09636587,0.228547254,232.8912223,92.30636331
1013,1,34.71551647,0.949693927,324.7838849,36.5544261
1013,2,30.46943049,0.432199636,267.4243174,70.49851037
1013,3,21.84016788,0.228670764,226.7429113,95.50922686
1014,1,16.17820335,0.174831305,238.0897724,92.53607843
1014,2,17.1571079,0.185929326,234.3613006,92.27757825
1014,3,20.87204442,0.246937417,248.2695949,84.52362019
1015,1,25.49078652,0.231834808,206.7245577,109.9523695
1015,2,30.09743727,0.364897198,249.9006114,82.4819633
1015,3,37.5571895,0.457920218,247.172025,82.01688418
1016,1,14.5384692,0.201770936,273.933027,72.05432787
1016,2,26.69476916,0.340820707,255.7945935,78.32496268
1017,1,23.35018734,0.190694725,183.7579711,122.4479981
1017,2,18.82458564,0.187859273,221.0955444,100.2057833
1017,3,14.73234704,0.18952818,212.4925771,77.73169688
1018,1,30.87029266,0.366828796,243.4601628,84.15449662
1018,2,35.21034733,0.275356581,175.0073274,127.8718205
1018,3,20.44027688,0.30097765,276.0110855,67.91293934
1019,1,22.77657401,0.211406205,205.4250429,107.7384367
1019,2,14.51371428,0.15222396,230.1455314,95.34447971
1020,1,19.92485454,0.180468973,205.8807654,110.4059842
1020,2,27.46305252,0.324693945,246.9777512,84.58135104
1020,3,15.22706255,0.080100128,82.1332712,190.1003512
1021,1,23.79701517,0.200023588,190.1167688,118.9710441
1021,2,25.15092237,0.22950324,203.5492886,109.5885284
1021,3,26.74325025,0.220998203,183.0809815,121.0111662
1022,1,15.6765983,0.137798435,204.1834992,113.7647046
1022,2,20.35436823,0.211888359,229.2418616,96.06175801
1022,3,13.50699494,0.138597669,226.995508,97.45470508
1023,1,15.02614889,0.135542007,207.746314,110.8597199
1023,2,15.87048971,0.180606592,245.2528065,87.87325839
1023,3,8.139999539,0.135084075,290.9664932,60.25876504
1024,1,24.15484072,0.22391859,206.9783946,107.8733154
1024,3,21.45494749,0.273529154,255.3946291,78.4375163
1025,1,3.251717321,0.040652314,255.9290842,79.98849191
1025,2,5.065124308,0.065371754,262.7078415,77.48184844
1026,1,22.25400149,0.278128052,255.8232453,80.01350924
1026,2,34.98270574,0.415223441,240.6284173,84.25031514
1026,3,19.46782589,0.215813625,238.7543378,90.20665828
1027,1,20.33552066,0.204291604,221.7683183,99.5416369
1027,2,22.11732089,0.583099387,325.6062104,37.93061936
1027,3,27.36687172,0.399698141,270.0535673,68.4688491
1028,1,4.843321318,0.027900077,111.923456,173.5952661
1028,2,0.154395195,0.02134118,371.5417237,7.234613916
1028,3,22.40909926,0.239226798,230.9456187,93.67303085
1029,1,24.53508552,0.353811932,266.7698122,69.34499179
1029,3,22.35725673,0.25711933,239.0518066,86.95284313
1030,2,27.49991445,0.300378538,230.2142658,91.55086318
1030,3,8.380392302,0.052851837,133.1580476,158.5638792
1031,1,17.23565469,0.134357022,172.1245386,128.2824999
1031,3,22.51706055,0.219606846,217.1948535,102.533509
1032,1,21.39285437,0.24153846,245.3402218,88.56914298
1032,2,30.39794096,0.395692067,258.8633993,76.82221487
1032,3,20.2680847,0.166790525,190.3467037,121.5182019
1034,1,15.63329124,0.140697974,201.1800077,111.1124119
1034,2,15.37279978,0.177351842,244.9641313,86.67967382
1034,3,24.30853249,0.295990491,248.668694,82.12605878
1035,2,31.50012205,0.469672238,269.7871151,67.06830739
1035,3,33.67469595,0.467648002,261.068524,72.00863855
1036,1,10.6588308,0.088669572,192.6552419,120.2084383
1036,2,15.68724427,0.122828233,181.8314658,127.7169253
1036,3,14.11132821,0.117655217,193.8960319,119.937973
1037,1,24.48275314,0.276178354,195.6165003,88.64834173
1037,2,19.54321287,0.174994197,202.4192346,111.6792054
1037,3,9.831764629,0.066215762,149.0524213,148.4807295
1038,2,22.40740712,0.210614706,211.9647798,106.3905151
1038,3,8.626048488,0.056069731,140.8322854,153.845012
1039,1,24.24093795,0.341519644,264.719898,70.97963003
1039,2,16.54077586,0.15937659,213.0878678,103.7842251
1040,1,23.93150334,0.222646642,210.0282746,107.486478
1040,2,9.726790189,0.063723946,140.9152696,152.6394843
1040,3,11.25600183,0.112343041,225.6301698,100.1931382
1041,1,18.61779288,0.170778496,208.0945153,109.0171965
1041,3,23.49972072,0.288402146,252.1302459,81.48247521
1042,1,32.38005134,0.38799593,247.7181919,83.4546159
1042,3,29.27909158,0.443506077,277.4567745,66.01734017
1043,1,10.72746402,0.084456059,186.2515778,127.0182878
1043,3,36.88075913,0.431760847,239.1068942,85.4194154
1044,1,24.54680158,0.284358576,241.714869,86.32340872
1044,2,0.70436346,0.020536377,328.4379836,34.29833095
1044,3,17.28135654,0.177995055,226.7037989,97.08896994
1045,1,25.34809487,0.29802183,241.6825937,85.05449038
1045,2,23.50539807,0.205687373,197.4521203,114.2773023
1045,3,21.45248805,0.173085292,182.7760561,123.9417156
1046,1,21.9517814,0.274761956,257.5069797,79.89381692
1046,2,14.75426227,0.106285268,162.3252965,138.817567
1046,3,23.27364945,0.335991703,274.2922014,69.2685243
1047,1,27.2852693,0.733911533,325.7179965,37.17787235
1047,2,22.05617796,0.242311086,200.027327,91.0242216
1047,3,20.42654651,0.199284265,212.0121141,102.4995448
1048,1,22.59380509,0.268228403,249.207913,84.23345477
1048,2,17.18921799,0.146575134,199.8602121,117.2724015
1048,3,19.39841861,0.295263167,280.6331183,65.69874201
1049,1,28.28270419,0.384122463,261.282758,73.62939404
1049,2,28.35534014,0.356429738,249.9153238,79.55380015
1049,3,26.96732743,0.358559465,258.4709332,75.21019541
1050,1,24.71124533,0.291138135,244.7207385,84.87807809
1050,2,27.1942033,0.37735982,265.279475,72.06438488
1052,1,25.67011382,0.290871257,238.3292332,88.25249391
1052,2,4.209815379,0.031514801,176.1427677,133.5821663
1052,3,21.60720072,0.204571505,213.5167651,105.6217516
1053,1,17.276829,0.153204949,197.6625655,112.7693926
1053,2,17.29333742,0.151735003,203.0924636,113.9706531
1054,2,22.39503215,0.251875594,236.8844365,88.91306945
1055,1,10.45897573,0.188907619,295.9902966,55.365558
1055,3,19.57861529,0.231371717,245.1844112,84.61974326
1056,2,33.25807359,0.306590719,202.0795699,108.4771051
1056,3,26.5561948,0.257633234,212.294045,103.0775199
1057,1,20.7025804,0.187629859,206.3828922,110.3373443
1057,3,26.76773249,0.318986163,245.9255779,83.91502698
1058,2,32.51943659,0.314462966,215.0633077,103.4126117
1058,3,15.11750997,0.118541566,181.3117985,127.5291901
1059,1,21.48590533,0.399722237,298.9107295,53.75208924
1059,2,10.33993023,0.095403469,212.8744801,108.3810715
1059,3,21.05198838,0.251468847,246.6152632,83.71608911
1060,1,20.10067938,0.213855804,231.7845799,93.99174135
1060,2,15.32246108,0.15292526,224.5613043,100.1957498
1060,3,17.66789621,0.090310983,72.89648494,195.633971
1061,1,16.4242435,0.146157738,202.8392001,112.3734102
1061,2,24.67249605,0.239922752,213.3211285,102.8351663
1061,3,19.8076434,0.215410661,238.1324571,91.95293923
1063,1,9.912740438,0.068948311,156.3826072,143.7706064
1063,2,14.48587133,0.125148117,198.0600876,115.7498148
1063,3,26.95257019,0.279494391,227.1118043,96.43331352
1064,1,18.25925377,0.238957715,261.1897399,76.41207059
1064,2,22.31656668,0.256527306,242.0579616,86.99489729
1064,3,14.91109,0.177560614,251.5296888,83.9774634
1065,1,22.68514378,0.217777193,216.8904772,104.1667561
1065,2,15.67620065,0.109178955,156.4899467,143.5826223
1065,3,19.56983895,0.234725633,250.0787843,83.37325026
1066,1,16.02972598,0.154928892,219.0778133,103.4650526
1066,2,10.50113078,0.093291111,208.2727085,112.5630369
1066,3,20.59688308,0.23303649,243.0224456,88.38479796
1067,1,22.31196557,0.128652428,106.224446,173.428251
1067,2,29.61093451,0.26166986,200.9027487,113.1614261
1068,1,14.7823306,0.189988096,264.9864468,77.8066147
1068,2,12.38888466,0.141147583,248.0600794,87.77255956
1068,3,9.956266384,0.130173046,266.5755525,76.48485395
1069,1,11.15351057,0.047068707,10.01864963,236.9623303
1069,2,21.13153701,0.161660698,170.675051,130.7153642
1070,1,1.399422046,0.018352449,263.3029629,76.25260463
1070,3,16.22452229,0.158531403,215.4821429,102.3426402
1071,2,31.43905457,0.378045091,245.4079416,83.16218183
1072,1,13.22769842,0.136653565,230.4686402,96.79731682
1072,2,18.14150244,0.207855095,243.3271147,87.27956586
1072,3,24.62789217,0.277668931,237.184275,88.69516694
1073,1,29.89505859,0.406828092,264.1462863,73.48327022
1073,2,24.981165,0.17609788,152.8889769,141.8595444
1073,3,30.93749804,0.424525262,264.4995185,72.87551719
1074,1,20.74326732,0.229043301,238.0034806,90.56482877
1074,2,20.96917445,0.184482346,195.6753225,113.6649383
1075,2,33.455175,0.35939053,228.9137324,93.0886382
1075,3,17.58625163,0.091655442,78.62866396,191.8735129
1076,1,20.60324292,0.190891579,206.4262442,107.9316492
1076,2,18.07204701,0.193314075,234.7224014,93.48541762
1076,3,18.58073234,0.21285904,244.0894982,87.29125332
1077,1,33.48645133,0.397295599,242.0579494,84.28598612
1077,2,21.54484092,0.319504279,272.1421875,67.43208876
1077,3,22.53346932,0.23587472,225.5708734,95.53151484
1078,1,16.73353666,0.16908244,226.0967197,98.96673266
1078,2,27.98185609,0.266874754,214.4571184,104.850143
1078,3,10.31011691,0.138961873,266.7740867,74.193854
1079,1,12.90972477,0.080868286,132.8861923,159.6389072
1079,2,15.94313833,0.137756473,198.4827719,115.7342227
1079,3,21.96644226,0.154350809,158.6267306,142.3150442
1080,2,5.693546216,0.049331468,203.6788685,115.4140856
1080,3,1.325643932,0.062070768,359.5786474,21.35697635
1081,1,28.53867135,0.291973495,222.5936253,97.74404827
1081,2,29.64255993,0.330024184,237.2582663,89.8193567
1081,3,23.73668575,0.231517501,219.0463089,102.5265289
1082,1,25.05812515,0.21709277,192.5125355,115.425885
1082,2,30.49765348,0.325099515,227.1641601,93.81020909
1082,3,24.52830706,0.336474177,265.8727706,72.89803719
1083,1,11.08701202,0.093053061,189.6145649,119.1472033
1083,2,22.35561544,0.191448545,192.9350973,116.770882
1083,3,20.47476712,0.118859119,106.4928002,172.2608015
1084,1,28.27421802,0.304238366,233.3689352,92.93442621
1084,2,6.229980704,0.049626754,186.0030895,125.5367351
1084,3,20.87863126,0.215226031,228.986491,97.00792764
1086,1,6.450501664,0.054399933,198.6172011,118.575545
1086,2,17.80710851,0.131986704,169.0896619,134.9159274
1086,3,13.75848997,0.113161277,190.8769785,121.5830211
1087,1,3.984433536,0.032289118,190.7639154,123.3986506
1087,2,18.8305725,0.216481192,243.2989134,86.98479674
1087,3,26.38357579,0.316446117,244.6548038,83.37462316
1089,1,25.4760597,0.203464337,184.1711046,125.2114256
1089,2,23.58771927,0.233220682,219.7576617,101.1390544
1089,3,30.07945163,0.362001019,246.3331263,83.09217388
1090,1,25.391163,0.263968284,231.2586024,96.19020382
1090,2,22.55244989,0.279554547,255.1118595,80.67280659
1090,3,30.42929864,0.397644501,261.6104481,76.52387635
1091,2,13.94746431,0.087494004,128.7376437,159.4105155
1091,3,26.02694434,0.252817518,215.9518387,102.9475511
1093,1,11.36506946,0.082928529,165.6580488,137.0465586
1093,2,10.78987974,0.077788584,164.0437874,138.7077531
1093,3,17.00506994,0.129361248,174.3640169,131.454127
1094,1,25.58979435,0.197958346,174.8408668,129.2685801
1094,2,15.21979543,0.102018554,149.0697017,149.1865435
1094,3,24.83742779,0.218304877,198.3022148,113.7740397
1095,1,19.67446514,0.164392429,186.9859091,119.679874
1095,2,33.62106615,0.348631852,221.1637274,96.43716139
1095,3,30.14081717,0.288785846,212.2356098,104.3708257
1096,1,29.67905622,0.302313835,224.553328,98.17300033
1096,2,30.82651425,0.281109333,201.5758405,109.6602305
1096,3,30.20892524,0.358772913,241.0656256,84.20068548
1097,1,14.65953775,0.12175453,190.4605499,120.4024013
1097,2,16.36227448,0.141940326,199.1110184,115.2757286
1097,3,6.159996218,0.033456503,92.80993209,184.1195495
1098,1,15.36190834,0.118006528,176.1412331,130.1784621
1098,2,22.78104302,0.230108504,223.9122655,99.00130852
1098,3,21.88967232,0.195744135,204.2132292,111.8279855
1099,2,29.67070986,0.316149743,225.9844951,93.85017855
1099,3,25.55658349,0.234064572,204.8580367,109.1860388
1100,1,26.13433811,0.342375368,259.4124805,76.33241327
1100,2,34.1649561,0.396703542,241.0379076,86.12213522
1100,3,30.66009502,0.34066465,235.7618448,90.00081163
1101,1,5.364175608,0.054623145,228.8816172,98.20334615
1101,2,13.17651846,0.097565875,171.4540836,135.0525325
1101,3,4.93266965,0.049957158,228.4740563,98.73799488
1102,2,15.20710755,0.109773831,161.9237857,138.531264
1103,1,10.84828765,0.060480619,101.5933677,179.3680011
1103,2,4.662407705,0.055327561,249.6316743,84.26917137
1103,3,7.430396914,0.039429216,87.02129437,188.4490128
1104,1,18.97225523,0.167798802,202.4277494,113.0654989
1104,2,16.19823885,0.136298079,193.9230714,118.8442194
1104,3,17.03136861,0.125726036,168.0508093,135.4641344
1105,1,36.81002743,0.483091533,257.4993861,76.19679693
1105,2,26.48773693,0.22610205,192.8060981,117.1494772
1105,3,26.93340634,0.340498821,255.8559223,79.09985187
1106,1,23.94120368,0.209515176,200.8493631,114.269544
1106,3,19.87048946,0.182174597,209.7982225,109.073876
1107,1,16.40692198,0.220312441,262.9325638,74.47115502
1107,2,3.199799361,0.06312307,304.7937659,50.69144089
1107,3,26.71713089,0.359286159,262.7629185,74.36170374
1108,1,31.27759671,0.308308242,220.1286116,101.4491098
1108,2,29.19818953,0.295319239,223.9904044,98.86991993
1108,3,27.60167005,0.306736607,238.3760891,89.98492322
1109,1,26.70560028,0.210162471,175.5307196,127.0712135
1109,2,26.58674975,0.289527915,232.5638623,91.82793214
1109,3,19.38032642,0.21778862,240.2069307,88.98686471
1110,2,24.46427593,0.44239519,284.8888685,55.29959747
1110,3,11.81354496,0.111144375,214.7238371,106.2900838
1111,1,8.67335936,0.061880451,162.8473065,140.1631577
1111,2,21.08617244,0.131712986,132.186396,160.0918261
1111,3,32.71737897,0.350921003,235.3181015,93.23288913
1112,1,27.22543486,0.289688745,229.3157876,93.98167963
1112,2,30.58033861,0.340715521,235.5983589,89.75328884
1112,3,18.3671769,0.15981112,198.4468557,114.9305313
1113,1,15.81659471,0.190133364,250.7335471,83.18684502
1114,1,27.73219533,0.266449994,214.7465276,104.0803
1114,2,9.401857496,0.084410821,205.5879468,111.3821348
1114,3,22.40975334,0.258517187,244.5830251,86.68573868
1115,3,8.813204624,0.083946959,216.5329363,104.985395
1116,1,12.47188438,0.056956499,35.67098021,218.9721018
1116,2,19.53702957,0.237741372,252.9884349,82.17765971
1116,3,15.6634877,0.142856553,199.5510575,109.6448664
1117,1,14.86878705,0.100358384,145.4630641,148.1569004
1117,2,6.26100654,0.08357176,270.0559458,74.91772953
1117,3,16.26545565,0.199589499,253.4889182,81.49454639
1118,1,22.92743283,0.169609956,163.0535916,135.1773999
1118,2,24.99801728,0.264931807,231.6356862,94.35642176
1118,3,5.017284067,0.041671479,191.569113,120.4009108
1120,1,18.3491743,0.148218515,186.4868966,123.798125
1120,2,37.66624384,0.377225749,223.2808378,99.85067017
1121,1,22.06071737,0.183794716,191.5624557,120.0291167
1121,2,27.36370508,0.226476824,190.3692781,120.823423
1121,3,25.52444899,0.241893681,212.7369852,105.519288
1122,1,31.16659305,0.404773699,256.1497498,76.99757445
1123,1,24.57423981,0.237924333,216.0139962,103.2859461
1123,2,17.5323164,0.184297031,228.650201,95.13075895
1123,3,13.8271008,0.102976651,170.1137491,134.2741355
1124,1,9.348032519,0.067799552,166.2654221,137.8774968
1124,3,19.12368356,0.205791462,235.7532845,92.92748778
1126,1,33.39548582,0.397657035,249.4442998,83.98062369
1126,2,19.8810064,0.168237726,196.0418892,118.1721058
1126,3,18.95192025,0.177602157,213.7619786,106.7099665
1127,1,21.94237482,0.239517064,235.0082875,91.61090421
1127,3,36.44391482,0.417280836,237.1333071,87.3366607
1128,1,21.85716516,0.240325922,233.7922317,90.94801333
1128,2,12.68653219,0.131212621,232.7302895,96.68682849
1128,3,15.88439203,0.258924596,285.7717655,61.34755937
1129,1,21.56022496,0.192411647,199.215078,112.0525981
1129,3,6.536954756,0.071422019,245.0134675,91.52576212
1130,1,9.235408747,0.064085192,157.4739668,144.111431
1130,2,7.332553002,0.061587243,195.9557793,119.059607
1130,3,10.28378048,0.104029558,226.9679154,98.85440916
1131,1,23.51313519,0.208554606,201.3531606,112.7433034
1131,2,19.57038795,0.195340388,222.2161294,100.186081
1132,1,13.68239382,0.141773214,226.6947226,96.50901907
1132,2,5.628148249,0.066183019,245.4394399,85.03915861
1132,3,2.369666667,0.022518099,217.0160454,105.2338677
1133,1,25.76296058,0.227177771,199.5823179,113.4044077
1133,2,26.02414524,0.333288115,258.1139423,78.08302801
1133,3,20.41513181,0.214057229,232.2229248,95.37230717
1134,1,2.171942743,0.023929232,212.5597941,90.76525191
1134,2,19.65030318,0.181067297,211.5510268,108.5248608
1134,3,26.83733522,0.344746588,259.2645565,77.84655795
1136,1,2.230280724,0.101371185,349.4341631,22.00113094
1136,3,3.716521162,0.038042754,230.9755445,97.69327247
1137,2,11.53031553,0.109553529,214.8906383,105.2482344
1138,1,17.05630851,0.204023635,252.1574057,83.59966981
1138,2,19.74435449,0.23990268,252.2165216,82.30151684
1138,3,19.41862393,0.174325321,206.0117183,111.3930201
1139,1,10.70424357,0.092374979,202.1703857,115.8781705
1139,2,37.14550493,0.160525914,13.02377336,231.3988073
1139,3,20.57962481,0.166590815,188.6442936,123.5339703
1140,1,46.82507301,0.544377627,241.8618486,86.01579253
1140,2,6.668210964,0.043921988,144.0368848,151.8194252
1140,3,4.835578116,0.037817927,183.5032452,127.864707
1141,1,7.417153183,0.082079197,238.7432654,90.36581084
1141,2,20.55499751,0.312915194,274.6380045,65.6887167
1141,3,5.319789238,0.045144082,196.5139136,117.8402359
1142,1,15.87422162,0.152721126,213.7761425,103.942539
1142,2,14.60062857,0.152670769,228.3321175,95.63473519
1143,1,19.48357068,0.143006429,164.3231048,136.2426206
1143,2,27.6107788,0.247824421,202.3768783,111.4126635
1143,3,45.85876038,0.495855927,230.4613545,92.48404197
1144,1,18.70336462,0.227862682,253.3849593,82.08173653
1144,2,27.01955741,0.362888983,262.7530238,74.45681371
1144,3,26.21157167,0.253456125,221.039418,103.4166038
1145,1,16.76568522,0.209671511,256.7643089,79.96167491
1145,2,19.00690699,0.164112206,195.0454449,115.8165344
1145,3,22.42033746,0.307095746,268.6278448,73.00764576
1146,1,23.25123718,0.217643403,209.8067605,106.8318031
1146,2,14.26885424,0.116368368,187.7427666,122.6179803
1146,3,16.8252385,0.169454537,224.1530549,99.29057543
1147,1,17.50419396,0.122955876,154.3573067,142.3615901
1147,2,19.78617959,0.179199272,205.6931103,110.4143972
1147,3,13.35367247,0.095294493,158.9646813,140.1305793
1148,1,19.0488422,0.275017578,275.8079609,69.26408975
1148,2,6.631440647,0.057524738,202.505928,115.2798066
1149,1,19.65806254,0.160869827,186.9051327,122.1985684
1149,2,6.433691309,0.049473476,180.7093591,130.0432436
1149,3,22.36428735,0.326337164,275.3749456,68.53123032
1150,1,20.01321449,0.238481736,248.4369085,83.91927552
1150,3,31.77943538,0.351698312,233.256246,90.35993163
1151,1,15.96657777,0.156677936,220.6264981,101.9069958
1151,2,15.70558048,0.310892329,303.7064029,50.51774851
1151,3,17.82694532,0.194331589,236.3871871,91.73467578
1152,1,30.9957047,0.173647241,94.76489197,178.4981121
1152,2,27.03669669,0.25731112,211.1515826,105.0739536
1152,3,27.69883308,0.249354872,204.6959381,111.0819807
1153,1,3.831055501,0.02879465,171.4744032,133.047476
1153,3,3.228365262,0.023919073,169.743312,134.9703327
1154,1,17.52978685,0.270600538,282.0355566,64.78104946
1154,3,10.83197819,0.101695333,214.2974678,106.5140149
1155,1,11.91173277,0.095037767,183.7252771,125.336834
1155,2,23.01363156,0.187309275,182.4824013,122.8643461
1155,3,22.80381107,0.272068237,245.707929,83.81651339
1156,1,34.49961608,0.327812351,209.0023714,105.2419654
1156,2,32.95538132,0.580283839,286.9659016,56.79183029
1156,3,29.39477915,0.325609293,233.9621937,90.27622921
1157,3,13.98625494,0.099123885,161.757738,141.098736
1158,1,20.19785355,0.308984097,279.612397,65.36858621
1158,2,25.44681051,0.370637888,273.8433531,68.65679775
1158,3,16.99010432,0.162069278,218.0668319,104.8323565
1159,1,16.43129367,0.138111691,195.412157,118.9710556
1159,3,9.475708574,0.124447607,264.5398551,76.14215155
1160,1,21.74056929,0.180591648,190.3423143,120.3852421
1160,2,20.08830295,0.147617601,165.7792705,136.0833855
1160,3,13.93371863,0.105509275,172.7137581,132.0615519
1161,1,19.93254264,0.178719727,202.71207,111.5296164
1161,2,17.90156811,0.144144012,182.4135793,124.1922425
1161,3,15.86011019,0.109492376,149.3455228,144.8512748
1162,1,5.100135363,0.022553798,27.9411052,226.131996
1162,2,18.6161376,0.174066509,216.85023,106.9484168
1162,3,12.42054133,0.11768633,217.6519046,105.5393722
1163,1,8.914638373,0.062867515,154.0383651,141.8003939
1163,2,4.412863331,0.076844519,225.2372434,57.42586932
1163,3,10.24015857,0.059542844,108.7751943,171.9796695
1164,1,16.02273731,0.28206087,294.1430673,56.80595581
1164,2,26.44113062,0.238731216,203.7984961,110.756905
1164,3,25.5762255,0.331839809,259.8028174,77.07401226
1165,1,21.17170584,0.211246439,221.4854638,100.222782
1165,2,26.56851594,0.328668687,251.7221003,80.83677277
1165,3,21.68336633,0.307917264,267.6330977,70.41945631
1166,1,21.18898239,0.573298158,328.9881295,36.95979498
1166,2,18.54184711,0.195116217,231.8947618,95.02975937
1166,3,14.96514043,0.181771544,252.3818906,82.32939063
1167,1,27.86542585,0.272825641,217.4721241,102.1363892
1167,2,54.2514519,0.36711901,138.3920354,147.7761989
1167,3,26.68803944,0.254945246,211.2328686,104.6814556
1168,1,20.2548232,0.24383516,250.2839327,83.06768886
1168,2,24.61692554,0.235320455,215.9423557,104.6102242
1168,3,25.30319595,0.28762692,244.0595715,87.97228002
1169,1,18.74800044,0.171010697,206.8885209,109.6305715
1169,2,23.51658689,0.133926819,106.3297925,175.5928126
1169,3,19.00513498,0.146838292,177.0471693,129.4290114
1170,1,3.85802519,0.047560238,259.5792928,81.11871036
1170,2,5.439781098,0.15634822,268.8025476,34.79272806
1170,3,15.13415328,0.185979052,253.6069969,81.37558039
1171,2,21.12808994,0.158701605,170.3080916,133.1309156
1171,3,21.70125111,0.234236619,233.7081938,92.64670579
1172,3,14.95951757,0.115679581,177.0227379,129.318566
1173,1,27.93528662,0.1951784,152.832699,143.1269371
1173,2,11.78515865,0.078825866,143.5641016,149.5087757
1173,3,30.77797303,0.337624462,232.1378116,91.16037638
1174,2,21.72093781,0.180630974,190.539611,120.25035
1175,1,4.516590444,0.028797127,138.9381599,156.8417039
1175,3,9.566945509,0.059250384,126.5815653,161.4663894
1176,1,26.19678611,0.23981637,205.5258209,109.2368555
1176,2,19.35700485,0.176377242,204.8155843,109.7477466
1176,3,19.45443187,0.247714331,255.7531392,78.53575433
1177,1,30.73284894,0.365193024,244.8500578,84.15508218
1177,2,7.281003799,0.053033207,163.022298,137.2914103
1177,3,10.5899347,0.096324697,206.4199842,109.9399742
1178,1,0.820255857,0.021537833,325.797732,38.08441984
1178,2,36.68884002,0.457678883,252.9228671,80.16284202
1178,3,20.20459586,0.146871288,160.5929244,137.5666829
1179,1,23.30718146,0.228837775,221.0645835,101.8502364
1179,2,22.58951031,0.236083912,232.0486236,95.68424275
1179,3,25.21660139,0.303812962,248.8162833,83.0004133
1180,2,22.38886185,0.235139058,225.2803353,95.21541004
1180,3,15.75834721,0.134148009,195.2436866,117.4698555
1181,2,18.84226439,0.133251079,158.5867816,141.4042167
1181,3,8.175402249,0.137093547,290.592704,59.63374936
1182,1,18.41312007,0.363989722,303.694336,50.58692304
1182,2,26.28754221,0.286330862,232.2321017,91.80827387
1182,3,20.43567368,0.172548957,195.202127,118.434061
1183,1,4.649713043,0.038107798,189.0524924,122.0147396
1183,2,23.72276609,0.291773813,250.3600607,81.30532967
1183,3,3.831200486,0.071845295,302.8007431,53.32569772
1185,1,13.02769321,0.25390866,301.667266,51.30858172
1185,2,11.66266072,0.23275742,303.259393,50.10650443
1185,3,15.431766,0.288133365,298.3050805,53.55771978
1186,1,20.86423927,0.245564378,250.9611667,84.96443743
1186,2,22.19418836,0.288337917,261.9674332,76.97283998
1186,3,26.12601532,0.278034669,235.5605148,93.96675389
1187,1,24.39240373,0.253726027,226.6529792,96.13678191
1187,2,30.40072837,0.415034158,262.8661754,73.24873814
1187,3,18.66639704,0.100396457,88.67623458,185.9268501
1188,1,25.42426805,0.239931394,211.7287909,105.9647411
1188,2,23.2422197,0.237724757,227.0078204,97.76945419
1188,3,29.52978518,0.391754798,261.8831321,75.37823493
1189,1,22.51244248,0.210558091,212.6416899,106.9179645
1189,2,13.93697297,0.251182911,302.2647234,55.48535504
1189,3,16.38446586,0.151138353,208.8972114,108.407069
1190,1,26.05054203,0.451891269,289.6681894,57.64781005
1190,2,32.90671274,0.34419753,230.2518615,95.60415126
1190,3,20.27095913,0.187179546,210.1685385,108.2968706
1191,1,16.35987513,0.195248234,252.769673,83.79013134
1191,2,18.05547142,0.176847604,221.4247901,102.0962172
1191,3,18.20913887,0.233496272,264.4868774,77.98470909
1192,1,26.50567915,0.166011176,123.429942,159.6620165
1192,2,19.35225403,0.204973003,231.8244694,94.41367266
1192,3,21.34120964,0.129704707,117.0589569,164.5368943
1194,1,26.08827339,0.2632715,221.323553,99.09266043
1194,2,10.46441141,0.099114301,215.966691,105.5792284
1194,3,15.85776743,0.169241622,232.8604755,93.69898023
1195,1,28.11381669,0.285323649,218.0316989,98.53307553
1195,2,26.35452162,0.282031196,225.6142849,93.44541318
1195,3,29.04912973,0.401993428,259.4992253,72.26269806
1196,3,17.05390271,0.156040399,212.4194819,109.2915858
1197,1,5.00814054,0.046935363,215.7711912,106.7029262
1197,2,20.93133774,0.157364013,171.5883215,133.0122266
1197,3,15.58493314,0.129562366,194.7765571,120.2890435
1198,1,19.797412,0.197350458,222.3516386,100.3160174
1198,2,19.88885546,0.207073317,227.9397967,96.04740844
1198,3,19.30032872,0.320081754,288.0033367,60.29812223
1199,2,23.63270417,0.204017952,194.9585252,115.8363954
1199,3,25.96876389,0.259223117,214.5777069,100.1791977
1200,1,11.79440566,0.136188032,246.6160866,86.60383333
1200,2,16.66601763,0.150347784,207.0318799,110.8497723
1200,3,18.0302025,0.128555481,160.6002329,140.2523049
1201,1,20.57287231,0.113809088,94.9471385,180.7665165
1201,2,18.01952902,0.160149913,203.8563446,112.5166335
1201,3,19.7218602,0.181542212,210.2032395,108.6351212
1202,1,10.29546298,0.067866614,139.4688376,151.7014376
1202,2,14.46175291,0.121822796,192.2294085,118.7113859
1202,3,8.451063382,0.059485544,157.2598254,142.0691947
1203,1,19.06339863,0.324449161,289.5436169,58.7561964
1203,2,17.70593007,0.242235985,267.6166236,73.0937232
1203,3,15.93650825,0.176437761,239.7892461,90.3236821
1205,2,22.44022074,0.230277532,229.9495893,97.44858991
1205,3,15.13466267,0.184212776,255.5442477,82.15859394
1206,1,20.22027068,0.196838361,214.1837702,102.725254
1206,2,17.52018147,0.14952372,192.7367426,117.1732585
1206,3,11.64720518,0.1104948,215.9376468,105.4095321
1207,1,27.58858827,0.342242767,246.6143089,80.61116532
1207,2,24.86282401,0.179717099,159.5626917,138.3442316
1207,3,11.71575879,0.107479654,211.0003702,109.0044333
1209,1,12.83680193,0.131198865,227.6758554,97.84232423
1209,2,18.36397021,0.154502939,190.6743104,118.8583878
1209,3,16.20240958,0.149749534,206.5584347,108.196728
1211,1,15.19367801,0.109372896,163.8262502,138.9162996
1211,2,16.93059088,0.183813116,237.0848161,92.10763245
1211,3,13.84077521,0.095412765,154.0750575,145.0620913
1212,2,18.17013865,0.183760974,225.3093923,98.87920323
1212,3,30.30723689,0.387636455,255.0594547,78.18469215
1213,1,20.80743407,0.208147553,212.7403188,99.96482658
1213,2,18.14489056,0.154156777,193.2532291,117.7041381
1213,3,13.8203826,0.100698735,162.2043878,137.2448484
1214,1,4.857073857,0.074206937,281.7346748,65.453097
1214,2,34.64445481,0.444736363,255.5292811,77.898858
1214,3,20.06524124,0.198934372,222.1458199,100.8636217
1215,1,15.05985525,0.128658439,197.1897537,117.0529921
1215,2,21.43035431,0.274110844,261.4672989,78.18134444
1215,3,16.48793864,0.185718424,241.4058005,88.7792298
1216,1,25.86944513,0.28926403,236.483222,89.43194605
1216,2,26.16654236,0.274425751,224.0621907,95.35017118
1216,3,19.81082418,0.328034235,283.4470921,60.39255071
1217,1,11.31769053,0.096985922,199.9393977,116.6941582
1217,3,13.73464807,0.122437146,206.1059571,112.1771334
1218,1,15.63420174,0.141720908,205.1217971,110.316833
1218,2,1.9467171,0.020443159,232.2453751,95.22584409
1218,3,8.691866826,0.08146461,215.7107125,106.6950038
1219,2,11.27415581,0.087960893,179.4708526,128.1723671
1219,3,14.11777655,0.147395148,229.4658615,95.78182671
1220,1,3.184393728,0.023698293,174.2549575,134.3722848
1220,2,30.13811625,0.306510864,216.5716193,98.32642103
1220,3,20.82392126,0.213936538,225.3276701,97.33690883
1221,1,3.412350457,0.02436054,162.9075545,140.0769614
1221,2,22.18317739,0.132467629,115.9854966,167.4611187
1222,1,28.26507683,0.323731641,236.4157588,87.31020769
1222,2,14.89337206,0.098858552,141.386862,150.6533496
1222,3,25.82791826,0.273874779,226.8712489,94.30557421
1223,1,12.21391623,0.093210448,175.517917,131.0359135
1223,2,15.92694179,0.104086042,133.2123856,153.0170762
1223,3,14.75913207,0.112625549,173.9733789,131.0460384
1224,3,14.83871492,0.127922837,199.337718,115.9973881
1225,1,12.68902523,0.110238058,198.0005926,115.1056674
1225,2,10.58096344,0.120180523,237.9123426,88.04224836
1225,3,15.89014065,0.165071004,226.2090473,96.26245834
1226,1,18.0283263,0.151078602,193.7169628,119.3307726
1226,2,20.82459717,0.162129057,177.6309611,128.4445708
1226,3,17.79518706,0.176184782,224.4350013,101.0029745
1227,1,28.40976551,0.336201196,244.4368964,84.50227376
1227,2,20.87998593,0.225620267,235.7969258,92.54481515
1227,3,18.49768054,0.267507328,273.9896911,69.14831346
1228,2,11.11097223,0.096257074,204.1498844,115.4301892
1228,3,13.12300921,0.298182532,314.4498216,44.00998656
1229,1,12.32117627,0.118010283,214.907836,104.4076492
1229,2,10.98907493,0.149444219,268.2383111,73.5329541
1229,3,11.03773748,0.166811565,281.7122009,66.16889821
1230,1,24.18676977,0.310089705,252.8564654,77.9992673
1230,2,18.38055811,0.210953138,240.4620213,87.13100099
1230,3,12.1300507,0.169290878,269.7274186,71.65212237
1231,1,6.83925463,0.082325327,254.6668559,83.07594825
1231,2,13.43104402,0.100725619,171.9981145,133.3428792
1232,1,2.800200091,0.034152381,253.5605933,81.99135815
1232,2,17.25858133,0.223869182,261.7425127,77.09226075
1232,3,21.60619417,0.214772415,220.4931404,100.6004156
1233,1,7.981752661,0.078610463,225.8005614,101.5354996
1233,3,10.0665179,0.107748561,239.20048,93.42600816
1234,1,13.52811626,0.108224588,187.0132497,125.000395
1235,1,14.83322202,0.167094577,242.8920593,88.77141494
1235,2,10.61472355,0.151716598,274.9164898,69.96415468
1235,3,18.48233323,0.138971906,171.8773931,132.9933056
1236,1,27.6771412,0.464505851,287.2667345,59.58405296
1236,2,21.78082421,0.212302533,219.2086,102.5933318
1236,3,16.76138913,0.175901726,231.5320682,95.28837216
1237,1,9.364965152,0.21133728,313.860434,44.31288764
1237,2,14.90791136,0.190085886,257.3026786,78.42723964
1237,3,10.05068364,0.138817296,268.2827171,72.40224348
1238,1,19.25732192,0.143752326,169.0211715,133.9618106
1238,2,17.51146693,0.316163739,299.4684311,55.38733495
1238,3,39.9390734,0.529149017,261.9165048,75.47793176
1239,1,11.32892897,0.097252172,200.9129292,116.4902414
1239,2,17.93882791,0.177597854,222.0554759,101.0081347
1239,3,9.14672043,0.051314087,102.3305504,178.2496954
1240,1,16.6084127,0.255121805,280.3533772,65.09993424
1240,2,11.64252805,0.09487995,187.5237385,122.7079915
1240,3,18.48927432,0.20529647,238.6259085,90.06133572
1242,1,5.629161853,0.055935728,228.1453046,100.6362496
1242,2,14.67459677,0.121777031,191.2869204,120.5038142
1242,3,16.13944992,0.157170445,217.5866544,102.6875626
1243,1,19.38298195,0.179174882,205.3627162,108.1791251
1243,2,19.20057627,0.193891777,222.4931371,99.02728495
1243,3,13.57043659,0.110637667,189.9995016,122.6565683
1244,1,7.259132302,0.082454096,243.4263927,88.03846812
1244,2,3.270489838,0.047701666,275.5135452,68.56133304
1244,3,7.907420767,0.087138078,240.283327,90.74587129
1245,1,18.31549897,0.488724749,328.1768923,37.47610287
1245,3,2.658543413,0.081889714,335.9922334,32.46492501
1246,1,14.17313038,0.14029829,223.5641081,101.0214049
1246,2,26.04898122,0.304876285,242.1400583,85.4411528
1246,3,15.6129954,0.21962824,269.0195857,71.08828718
1247,1,10.40949642,0.110745893,233.9148819,93.99442399
1247,2,14.33084373,0.139895396,219.3126986,102.4397092
1247,3,16.2960134,0.223169045,267.1053783,73.02093997
1248,1,20.15960837,0.335538363,291.1473732,60.08138145
1248,2,16.20131534,0.122025836,169.0705896,132.7695504
1249,2,23.29313995,0.269015059,240.3903929,86.58675104
1249,3,11.13850244,0.153410401,266.4510689,72.60591423
1250,1,21.35491786,0.222945611,228.7872395,95.78532516
1250,2,6.543633721,0.13037529,310.9072695,50.19075088
1250,3,11.16870479,0.124299778,240.3708334,89.85297458
1251,1,16.0072736,0.133827603,190.422671,119.6111508
1251,2,9.111378748,0.093625219,228.0757012,97.31756911
1251,3,3.845645845,0.036435252,212.7930409,105.5473928
1252,1,13.60765007,0.263296495,307.5692293,51.68185043
1252,2,5.699672857,0.22458086,205.7676207,25.37915682
1252,3,12.70577111,0.206767598,288.8844562,61.44952711
1253,1,27.99833969,0.156052123,98.26690069,179.4165891
1253,2,14.40975597,0.114124279,182.4328626,126.2637201
1253,3,12.52594509,0.232379084,303.8355727,53.90306595
1254,2,20.47511302,0.168643516,185.1607479,121.4106151
1254,3,13.00475354,0.094248205,162.8540676,137.9840977
1255,2,12.85593803,0.134270514,232.0106499,95.74654638
1256,1,19.46519534,0.140285498,160.0301244,138.7541522
1257,1,3.761338789,0.027833131,173.1469372,135.138904
1257,2,5.718893942,0.047256934,192.3691126,121.0170337
1257,3,6.812059273,0.051866072,178.0188967,131.339409
1259,1,4.664851985,0.039048316,196.3693405,119.4635898
1259,2,16.03510768,0.152161271,216.5550631,105.3823197
1259,3,24.29295628,0.277414451,239.7572872,87.56918117
1260,1,28.28057802,0.267791235,209.5187701,105.6068096
1260,2,4.473407993,0.03826915,202.0151624,116.8933191
1260,3,12.35955461,0.095018545,176.0607358,130.075183
1261,1,2.900724595,0.021833443,176.4369792,132.8569452
1261,2,17.08893811,0.148978277,201.3820991,114.7075829
1261,3,24.46189923,0.253735132,229.7876638,96.40722207
1262,1,13.72888235,0.159594784,246.188873,86.0233774
1262,3,8.458700266,0.096084323,245.125423,88.0341349
1263,1,20.58587343,0.204160227,218.7417598,100.8319481
1263,2,19.17016578,0.180651523,209.9357585,106.1168234
1263,3,17.86940933,0.156087075,196.9982812,114.4835942
1266,1,17.84022384,0.162805708,208.1187243,109.5798424
1266,2,20.73546424,0.184001175,203.1799236,112.6920209
1266,3,15.77105849,0.121333142,176.5569749,129.9814562
1267,1,14.40114162,0.086380731,119.0358186,166.7170604
1267,2,7.545377731,0.07074651,218.5392613,106.6537097
1267,3,15.14574092,0.122509428,186.8892678,123.6291867
1268,1,11.87673383,0.075976884,136.7564299,156.32036
1268,2,24.48062904,0.235046998,215.7902968,104.1520602
1268,3,29.03106089,0.310276478,232.4047489,93.56513609
1269,1,12.17703623,0.089851988,167.3232976,135.5232806
1269,2,11.9984624,0.103265834,197.2540754,116.1900498
1269,3,15.17875521,0.145948064,217.288566,104.0010725
1270,1,15.34120578,0.087213975,101.5404938,175.9030686
1270,2,13.23960419,0.110845095,191.3060432,119.4424001
1270,3,24.68682266,0.215760407,198.5204202,114.4177608
1271,1,13.58279531,0.128239516,210.4797461,105.9173939
1271,2,20.46165163,0.28362748,267.1040692,72.14269806
1271,3,17.64967433,0.195364602,239.1713534,90.34223251
1272,1,20.00430049,0.163433397,186.8710401,122.4003228
1272,2,15.52556706,0.123185033,181.6168207,126.0345249
1272,3,16.90785356,0.19061673,243.1162368,88.70078481
2001,1,19.63681305,0.182322193,211.394446,107.7039097
2001,2,22.59737482,0.268896622,249.3308969,84.03740681
2001,3,12.90956651,0.231781474,299.7859832,55.69714571
2002,2,19.39329963,0.533985465,329.1240297,36.31802905
2002,3,27.28542668,0.261552957,214.4300877,104.3208497
2003,1,5.630530039,0.056692403,227.1956473,99.31718857
2003,2,12.97475059,0.120126724,214.7351244,108.0088603
2003,3,18.20842279,0.148180728,187.1962278,122.8798312
2004,1,17.75622746,0.147117649,189.6610871,120.6940674
2005,1,4.178172948,0.051522838,257.822152,81.09361093
2005,2,18.56837915,0.163708732,201.5142648,113.4232663
2005,3,16.34552203,0.121748017,172.6986345,134.2569882
2006,1,13.88853326,0.086531915,127.3442289,160.5018597
2006,2,26.16629214,0.279771745,231.3469809,93.52728662
2006,3,28.8354796,0.336377877,241.6739697,85.7234722
2007,1,18.65310585,0.468635899,321.0466148,39.80298109
2007,2,22.02073818,0.320054716,276.4421503,68.80304241
2007,3,24.44724865,0.441077633,298.3617883,55.4261808
2008,1,4.566324741,0.059422767,262.9389029,76.84470076
2008,2,8.546465543,0.093247325,242.9949563,91.65373449
2009,1,7.742986805,0.0507643,144.0964312,152.5281897
2009,2,17.91218074,0.20042521,238.2513541,89.37089653
2009,3,6.914778882,0.036382888,85.0703916,190.0558008
2011,2,27.71190454,0.282297759,223.6204169,98.16551361
2011,3,16.87460657,0.129383794,176.9555085,130.4228766
2012,1,29.89210834,0.328904878,237.9423,90.88374879
2012,2,20.6722654,0.416790761,311.1190384,49.59866515
2012,3,22.54276924,0.233063171,229.1782766,96.72385866
2013,1,1.673225241,0.086565089,356.9002291,19.32909981
2013,2,19.09294892,0.145561546,173.3683782,131.1675328
2013,3,20.38824845,0.274634356,261.3723932,74.237793
2014,1,17.57971259,0.158886496,205.8270556,110.643214
2014,2,16.60770457,0.144810417,199.7957942,114.6858415
2015,1,25.00849755,0.191592773,171.5786516,130.5294408
2015,2,12.01843659,0.099057105,189.4083045,121.3283656
2015,3,25.73925363,0.256787614,223.4617357,100.2355732
2016,1,18.82688216,0.091862596,55.52830813,204.9461158
2016,2,18.18920533,0.11945283,141.3747114,152.2710294
2017,1,14.23852802,0.132726776,209.7739357,107.2769827
2017,3,19.63728657,0.195971569,222.0703624,100.204773
2018,2,18.88856784,0.202064433,232.7696935,93.47794422
2018,3,22.43818114,0.262840582,245.3893694,85.36802414
2019,1,15.05117186,0.130616397,196.7458959,115.2318718
2019,2,24.07061762,0.189218317,177.2420745,127.2108216
2019,3,18.70713539,0.179845179,216.7912073,104.0179974
2020,1,15.49904905,0.196351608,256.9721234,78.93517761
2020,2,15.25622495,0.12843676,193.743683,118.7839445
2020,3,26.43383803,0.330788886,252.9985644,79.91150585
2022,1,19.81767953,0.148207484,168.1344417,133.7157815
2022,2,25.4424324,0.224227578,197.7562246,113.467008
2022,3,30.45645048,0.376074551,248.9757882,80.9851408
2023,1,23.82793453,0.3219976,267.6304755,74.0003482
2023,3,11.51318429,0.131410174,249.0059818,87.6125793
2024,1,2.40498889,0.045190046,301.1499621,53.21943865
2024,2,5.981278612,0.113755343,303.0091895,52.58019933
2024,3,24.6770404,0.271633524,237.3841572,90.84681448
2025,3,29.75162018,0.266020871,199.9364042,111.8394211
2026,1,20.88735259,0.220930125,231.2043522,94.54279972
2026,2,24.14192945,0.235020711,216.6183375,102.7225618
2026,3,27.56798124,0.338533521,251.7651194,81.43353483
2027,1,20.96283757,0.285778981,265.5925817,73.35332182
2027,3,13.33894196,0.155537072,247.7281233,85.76053129
2028,1,24.08210602,0.545631877,313.6921005,44.13617869
2028,2,24.47238331,0.271597115,235.1289541,90.10546108
2028,3,24.91278241,0.257931888,225.966016,96.58667116
2030,2,30.73074093,0.315289687,219.4203413,97.46827195
2030,3,14.69716865,0.381717169,327.9745382,38.50277075
2031,1,23.65570872,0.194492388,186.4500268,121.6279409
2031,2,17.28902984,0.211266821,251.9400109,81.83504524
2031,3,12.70290065,0.163468817,262.1862512,77.70840251
2032,1,12.84201973,0.065690245,72.94862349,195.493558
2032,2,22.07400376,0.202512754,206.998127,109.0005607
2032,3,8.062621389,0.05597988,153.3581313,144.0271287
2033,1,4.740507173,0.028363048,120.4637815,167.1367346
2033,3,3.616113333,0.027593119,180.8342712,131.0512733
2034,1,24.5123391,0.256253644,230.661984,95.65654831
2034,2,26.63558541,0.293182256,239.2635639,90.84992312
2035,1,0.069428775,0.037697724,383.1772841,1.841723285
2035,2,28.52419299,0.290191279,219.3597248,98.29445296
2035,3,23.20179445,0.268847257,240.9116475,86.30102719
2036,1,5.723693676,0.049458718,199.6969963,115.726689
2036,2,21.9027702,0.280837922,254.397656,77.9907858
2038,1,27.09302615,0.243555212,202.3625322,111.2397714
2038,2,7.491741632,0.062578153,193.6492623,119.7181652
2038,3,16.76395306,0.164397945,222.2634377,101.9717922
2039,1,16.69436145,0.158431151,215.6141794,105.3729735
2039,2,21.44572171,0.238496454,238.7077396,89.92050563
2039,3,8.415685447,0.051914371,128.9508088,162.1070497
2040,1,13.21366626,0.099171982,175.7441822,133.239913
2040,2,16.36676312,0.097589195,117.1203409,167.7108127
2040,3,25.26681129,0.22957152,204.1804695,110.0607399
2041,1,18.65696351,0.242166852,260.3394615,77.04177247
2041,2,5.381626035,0.039172474,168.835934,137.3828463
2041,3,19.00601932,0.215285706,243.6313688,88.28277409
2042,1,15.99143117,0.128171291,184.9164997,124.7660924
2042,2,27.46150111,0.37638946,266.3206785,72.96033506
2042,3,12.41161076,0.103860198,195.1906178,119.5030528
2043,1,36.2153028,0.223456568,123.0092127,162.0686429
2043,2,24.15793498,0.245289987,225.2728297,98.48724491
2043,3,19.88169722,0.239036355,239.6624622,83.17436577
2044,1,23.66941076,0.107866113,36.17045335,219.433241
2044,2,27.03941634,0.229950375,186.9801542,117.5880509
2044,3,30.82492079,0.309390256,215.4764455,99.63119445
2045,1,21.00319986,0.176608222,193.6701725,118.9253798
2045,2,13.46539246,0.121750094,206.0008815,110.5986209
2045,3,23.29740449,0.120615739,70.17913478,193.1539334
2046,1,11.39084795,0.083060551,166.9959648,137.1390855
2046,2,11.05494588,0.110789626,227.296626,99.78322225
2046,3,13.03889332,0.127024721,221.9091492,102.6484703
2047,1,25.16583682,0.258325565,224.2286071,97.41907188
2047,2,31.29926878,0.390824684,253.2442469,80.0851893
2047,3,32.271864,0.350015719,234.4537539,92.20118471
2048,1,2.316828254,0.020158147,202.3487395,114.932603
2048,2,14.81298467,0.166535396,243.5906506,88.94796538
2048,3,10.45926976,0.277772212,328.705875,37.65412562
2049,1,9.698079505,0.094657044,224.0969636,102.4549163
2050,1,12.09013268,0.075820712,129.8902702,159.4568604
2050,2,12.06913457,0.105683724,199.8957317,114.2005047
2050,3,11.32423831,0.104815339,208.2568635,108.0398963
2052,1,19.75453407,0.210298987,234.6186742,93.93546938
2052,2,10.83174554,0.313197913,333.5626023,34.58434773
2052,3,7.85181713,0.074489836,219.1408986,105.4078995
2053,1,26.17239919,0.274408004,227.8580534,95.37768151
2053,2,18.96200436,0.39955039,310.5108194,47.45835525
2053,3,19.58256995,0.258179245,262.7907374,75.84873826
2054,1,11.27345515,0.063437316,104.6278314,177.7101537
2054,2,13.49621553,0.132296147,221.1215597,102.0151823
2054,3,20.90602433,0.260656839,250.6177664,80.20516312
2055,1,15.19802395,0.158965909,232.5649895,95.60555466
2055,2,2.947555302,0.041362493,273.7809509,71.26154843
2055,3,11.88392747,0.103674964,201.1109475,114.6267812
2056,1,5.423228535,0.057869237,235.9219632,93.71522436
2056,2,8.490934406,0.093364052,238.9249113,90.94436496
2056,3,10.46541718,0.099296551,217.4440626,105.3955762
2057,1,11.28550859,0.145652567,261.4342991,77.48238737
2057,2,22.3037682,0.276155438,253.1595135,80.76526877
2057,3,17.47130401,0.16361756,213.462807,106.7813504
2059,3,11.60264303,0.094327983,190.2215251,123.0031917
2060,1,23.518756,0.172997381,165.6546809,135.9486246
2060,2,14.19345604,0.154240181,239.7522517,92.0217803
2060,3,20.64399824,0.205454669,223.9672458,100.4795773
2061,1,12.9644046,0.261297894,306.24907,49.61541949
2062,1,29.88897243,0.374221127,253.5873616,79.8698156
2062,2,21.17842314,0.243821058,248.2765239,86.86051702
2063,1,21.01982574,0.285359466,262.7763449,73.66086716
2063,2,0.666969435,0.022459065,337.5822925,29.69711431
2063,3,24.87347482,0.31665036,255.2668614,78.55186019
2064,1,20.69876722,0.149028513,163.2979727,138.8913221
2064,2,24.70354868,0.372093297,275.1569737,66.39073826
2064,3,22.74740461,0.213469962,215.115935,106.560213
2066,1,23.56644959,0.194710549,189.1105212,121.0332451
2066,2,27.6750307,0.261830754,212.1174048,105.6981668
2066,3,20.18722119,0.21221613,228.3551372,95.12576276
2067,1,23.02321044,0.259323535,238.1486502,88.7818007
2067,2,10.71518362,0.045836116,13.5302184,233.7716304
2067,3,27.4636427,0.271983363,217.363161,100.9754507
2068,1,29.12766384,0.286579843,214.71588,101.6389132
2068,2,26.69604044,0.31698238,246.4884425,84.21931982
2068,3,29.25402588,0.311163032,228.0350904,94.01510741
2069,1,17.9957083,0.244011748,267.1945224,73.749352
2069,2,11.68485576,0.121835452,231.0614013,95.90686096
2069,3,13.48206365,0.153242065,243.6759201,87.97886932
2070,1,15.9403645,0.170242628,232.2557114,93.63321456
2070,2,15.9153636,0.118785775,166.4089055,133.9837505
2070,3,20.09705429,0.175155443,200.3478126,114.7383944
2071,1,14.09701231,0.323784535,315.1105734,43.53825087
2071,2,16.1951749,0.243129917,276.2165363,66.61119748
2072,1,14.5848063,0.214235501,277.9327769,68.07838206
2072,2,18.50155841,0.174154394,213.8555904,106.2365297
2072,3,23.45832384,0.250277384,232.7162707,93.72929926
2073,3,13.455256,0.10163987,172.7077835,132.3816724
2074,1,11.60461332,0.07265324,131.7623695,159.7260256
2074,2,16.06913015,0.129076149,183.9007131,124.4934119
2074,3,3.308013652,0.030832093,215.3645375,107.2912451
2075,1,2.753803203,0.044745599,289.0004167,61.54355452
2075,2,4.298003582,0.093411644,309.736128,46.0114326
2075,3,31.21918323,0.335465555,230.9676805,93.06226172
2076,1,21.0730988,0.201090483,214.6331031,104.7941128
2076,2,8.067937203,0.072101504,205.3547831,111.8969339
2076,3,27.03362818,0.29781966,233.8331241,90.77180514
2077,1,8.075573088,0.078719857,209.3251707,102.5862259
2078,1,1.430841303,0.061127188,348.6141616,23.40760874
2078,2,22.99355015,0.221578916,218.6697265,103.7713813
2081,2,4.167396973,0.051075377,257.4156095,81.5930731
2081,3,11.79050947,0.354604117,335.8877172,33.24978171
2082,1,7.794143739,0.100464612,263.878978,77.58098695
2082,2,20.67753471,0.152784059,167.1911441,135.3382993
2083,2,21.80683338,0.27606171,260.3888653,78.9926042
2083,3,21.952281,0.256779563,248.2102997,85.49076388
2084,1,25.58045106,0.340491777,262.8279983,75.12795552
2084,2,24.69553412,0.299842465,249.0943461,82.36169661
2084,3,25.73113312,0.582831715,313.5363508,44.14847794
2085,1,19.59944036,0.109344577,98.62459934,179.2447408
2085,2,12.91486816,0.093080248,164.6932686,138.749826
2085,3,7.70111249,0.118190122,282.8937673,65.15868112
2086,1,16.86968586,0.202075855,252.747871,83.48194735
2086,2,4.970872149,0.03660509,173.0490616,135.7972924
2086,3,14.20743544,0.150444144,235.4425008,94.43661311
2087,1,15.33417052,0.144371339,215.3133422,106.2133982
2087,2,14.9718966,0.199988308,265.5760819,74.86385952
2087,3,11.78659229,0.091833454,181.5744335,128.3474787
2088,1,18.80897564,0.194022087,228.6415015,96.94244563
2088,2,19.18993289,0.135206278,159.0813473,141.9307824
2088,3,17.21464721,0.112164242,139.1547585,153.4771412
2089,1,24.09739259,0.252686683,234.1619251,95.36471131
2089,2,14.52926471,0.157845135,234.2586777,92.04759304
2089,3,19.31090624,0.216627068,241.7185017,89.14355164
2090,1,18.78717509,0.209896372,236.69417,89.50690731
2090,2,22.47483743,0.21909882,214.5649971,102.5785418
2090,3,14.98407056,0.137687831,210.152015,108.8263972
2091,1,24.3165656,0.23191666,210.9261276,104.8504477
2091,2,15.00167011,0.129764006,196.6047804,115.6073287
2091,3,1.553237829,0.010003394,141.435898,155.271077
2092,1,27.36982158,0.215144039,174.5668983,127.2162671
2092,2,27.77203752,0.339971729,247.3726436,81.68925577
2092,3,34.78686728,0.475167912,259.7889831,73.20963061
2093,2,11.61088457,0.154888969,267.510256,74.96263039
2093,3,12.84616055,0.098549192,177.9341883,130.3527745
2094,2,9.732597584,0.098535301,228.3130595,98.7726989
2094,3,12.88926664,0.159593409,255.410048,80.76315134
2095,1,20.12661643,0.203671883,225.720381,98.81882639
2095,2,19.86857826,0.253610185,258.57286,78.3429825
2095,3,13.82930928,0.12764739,213.0624864,108.3399296
2096,1,22.22649345,0.267020136,248.1378418,83.23901642
2096,2,20.04975547,0.174406404,198.5376037,114.959973
2096,3,7.605944259,0.045151229,119.8625348,168.4548655
2097,1,20.32339583,0.275274021,259.1945976,73.82969074
2097,2,16.29122467,0.196801077,249.1124963,82.78016027
2097,3,15.72657758,0.18126167,243.7561242,86.76173828
2099,1,20.37625396,0.288282988,272.2258645,70.68143037
2099,2,31.01483223,0.359264577,241.3351086,86.32866755
2099,3,22.63061042,0.255606885,241.2681776,88.53677948
2100,1,19.51856968,0.184798864,212.9709058,105.6206153
2100,2,26.13343184,0.248837908,213.4747487,105.021908
2100,3,21.97832149,0.224839504,224.8419271,97.75115632
2101,1,23.41562399,0.329422112,264.4072038,71.08091151
2101,2,19.92081494,0.230143109,241.5857178,86.55838106
2101,3,8.027648174,0.127992732,284.200617,62.71956271
2102,1,18.1686068,0.081686674,31.66371484,222.4182464
2102,2,18.83918087,0.228685908,252.8579987,82.38015651
2102,3,29.75795646,0.217439969,160.6019786,136.8559637
2103,1,0.444854729,0.045138858,373.5826053,9.855250023
2103,2,18.11776945,0.196207746,232.0471984,92.33972552
2103,3,17.51893596,0.178571985,215.0003116,98.10573564
2104,1,29.04491621,0.366306741,252.9454602,79.29124138
2104,2,36.444507,0.220616605,110.633316,165.193853
2104,3,24.96963455,0.24146521,213.3301972,103.4088286
2105,3,9.545117231,0.113817916,253.2990337,83.86304705
2106,1,21.64723498,0.214022761,219.7999641,101.144546
2106,2,10.69996719,0.114204324,237.9590272,93.69143671
2106,3,14.5835697,0.157898275,236.9127709,92.36053832
2107,1,9.492442301,0.066148967,156.371761,143.5009898
2107,2,16.05833641,0.189395351,246.1276966,84.78738428
2107,3,22.59607826,0.211867036,209.4930745,106.652166
2108,1,8.815239189,0.056436249,137.4540211,156.1981767
2108,2,26.09986247,0.281983065,231.3851539,92.55826209
2108,3,28.23362491,0.274692684,216.5403229,102.7825878
2109,1,17.40579546,0.140606817,184.2429876,123.7905519
2109,2,23.06046828,0.1865047,181.4048082,123.6455075
2109,3,10.96747464,0.094702816,202.5627331,115.809382
2110,1,22.72387651,0.185066373,185.4353249,122.7877119
2110,2,18.46596497,0.214154958,247.2606882,86.22711874
2110,3,25.11298748,0.241746528,211.9010551,103.8814816
2111,1,29.31848719,0.40616286,266.4878019,72.18406725
2111,2,25.23518496,0.363260195,271.5873928,69.46862145
2111,3,18.24195917,0.157028575,198.3002961,116.1696788
2112,1,28.26426111,0.297245507,227.7696709,95.08726105
2112,2,24.8220235,0.357442056,272.9483922,69.443489
2113,1,15.58619752,0.174172635,240.0926442,89.48706274
2113,2,21.02556285,0.267708225,258.095655,78.53909938
2113,3,12.94899164,0.184543098,276.5431584,70.16784584
2114,1,24.12589615,0.250525037,224.6381256,96.3013374
2114,2,11.02351792,0.114370537,231.1426288,96.38424551
2114,3,20.81224998,0.254086612,251.2880886,81.91006144
2115,1,38.50082358,0.302609675,177.371923,127.2293211
2115,2,28.29843746,0.274633879,219.5675182,103.040592
2115,3,18.33106594,0.126215251,152.1197337,145.2365365
2116,1,19.87772279,0.229177853,244.9885842,86.73492037
2116,2,22.95486549,0.351178996,278.249039,65.3651436
2116,3,27.62354276,0.376497926,264.8906005,73.36970757
2117,1,7.404762929,0.086923721,248.8071369,85.18690644
2117,2,7.204068271,0.061253199,196.5814877,117.6112991
2118,1,21.39202102,0.171146085,179.7462589,124.9927568
2118,3,21.16843867,0.410928829,301.9559298,51.5136373
2119,1,6.075859955,0.043516331,166.0850504,139.6225246
2119,2,17.43560635,0.136884215,180.9898815,127.3748499
2119,3,20.02816594,0.196750614,218.9759407,101.7946809
2120,1,12.25977355,0.086341056,157.3054637,141.992397
2120,2,9.230890102,0.0708518,179.2466719,130.2844819
2120,3,26.68205366,0.286591283,234.6760848,93.10141381
2121,1,14.58726161,0.409483415,331.2529087,35.62357123
2121,2,11.54023681,0.110686024,219.7058793,104.2610116
2121,3,15.01590473,0.301813195,308.7120547,49.75231355
2122,1,5.552181777,0.112626892,309.0066934,49.29712313
2122,2,19.41108333,0.197913781,228.0787819,98.07848279
2122,3,16.73881428,0.107515075,138.216419,155.6880681
2123,2,20.29418279,0.291420489,275.0525634,69.63883304
2124,1,20.8486282,0.144925953,152.4120879,143.8571062
2124,3,12.17649839,0.098053849,187.7551239,124.1817483
2125,1,27.95215543,0.294874762,225.5717859,94.79331239
2125,2,9.873501317,0.126658067,261.1390193,77.95398717
2125,3,5.761742859,0.045583185,184.2257453,126.4006203
2126,1,13.80822304,0.204664335,278.8177577,67.46765637
2126,2,9.47318732,0.077211316,191.828601,122.6916965
2126,3,10.94773942,0.086068177,181.3608162,127.1984576
2127,2,13.42262442,0.100117947,171.5429148,134.0681149
2127,3,15.54340969,0.110857723,159.29893,140.2104362
2129,2,20.02248755,0.256446461,255.5297168,78.07667702
2129,3,7.839533081,0.064915957,192.2037066,120.7643455
2130,1,12.48172745,0.101084665,190.7095559,123.4779522
2130,3,28.98089504,0.193048224,141.5148507,150.1225671
2131,1,29.27168545,0.43209214,275.2448007,67.74408228
2131,2,9.598581908,0.079786976,195.540491,120.3026162
2132,1,22.03731651,0.288711732,257.5094195,76.32982676
2132,2,7.649266826,0.055165215,164.7104543,138.6610524
2132,3,17.92840774,0.183647698,227.6450757,97.62391782
2134,1,23.03600129,0.21722934,209.9684438,106.0446131
2134,3,24.21886877,0.249397204,227.9084097,97.10962412
2135,1,15.12208671,0.224655601,277.6125139,67.31230656
2135,2,11.7591483,0.105653021,207.7514164,111.2996881
2135,3,6.505833323,0.081744097,260.5387994,79.58780611
2136,1,0.612016175,0.031173835,356.3163214,19.63236743
2137,1,8.303308677,0.076616916,213.0373793,108.3743521
2137,2,10.29508626,0.148816269,276.9471667,69.17984386
2137,3,20.27065216,0.23212653,243.9176897,87.3258742
2138,1,18.10811354,0.114142196,128.566763,158.6452179
2138,3,17.93786124,0.139743424,179.7669934,128.3628286
2139,1,24.1138515,0.281543737,247.3953227,85.64868732
2139,2,20.83466812,0.221361628,229.120815,94.12050473
2139,3,23.95095861,0.221752127,209.0424551,108.0077966
2140,1,19.89243717,0.200587825,225.7543006,99.17071086
2140,3,20.47078136,0.268375435,260.1141109,76.27665847
2141,1,15.69650922,0.145398584,209.7926836,107.9550352
2141,3,14.52931333,0.133775939,210.4638561,108.6093168
2142,1,12.70656909,0.079307538,129.3595807,160.2189319
2142,2,1.714433758,0.032279206,303.260389,53.11263672
2142,3,15.90878355,0.136960542,196.3965968,116.1559625
2143,1,6.441846394,0.034251305,88.20134048,188.0759417
2143,2,6.336600936,0.14444968,319.6271264,43.86718569
2143,3,24.22831112,0.179803095,167.4838553,134.7491331
2144,2,7.096702402,0.045946942,141.0270709,154.4542926
2144,3,11.1809092,0.177749352,284.2075591,62.90267195
2145,1,26.08890439,0.253519179,218.1467717,102.9070245
2145,2,26.85126737,0.300128832,235.3253897,89.4658044
2145,3,21.59855435,0.266801428,250.5391343,80.95366861
2146,1,8.028117482,0.08589993,234.0974023,93.4589522
2146,2,7.101890769,0.057705794,187.8996307,123.0706699
2146,3,8.588136436,0.04259896,66.78148993,201.6043686
2147,1,27.60737675,0.357875207,253.9779221,77.14246811
2147,2,15.87319202,0.198077989,255.9585022,80.13607202
2147,3,10.32365507,0.122741924,251.1601613,84.10862998
2148,1,27.45029954,0.251896897,210.787098,108.9743457
2148,2,21.02567669,0.241307109,245.1864899,87.13243781
2148,3,17.58301453,0.191952865,239.0891187,91.60068804
2149,1,24.19778147,0.239080046,216.709303,101.2120495
2149,2,19.02068515,0.198897065,230.6584487,95.63079869
2150,1,11.94170616,0.098194938,191.8597816,121.6122379
2150,2,25.32650309,0.214228866,188.6012518,118.2217108
2150,3,28.11396845,0.276297642,217.1066109,101.7524732
2151,1,14.13130555,0.09240406,141.1769807,152.9294878
2151,2,16.11150427,0.164741345,228.7135649,97.79879032
2151,3,16.25425714,0.158936737,222.1644092,102.2687228
2152,1,23.716899,0.337537075,270.5250211,70.26457467
2152,2,3.259843879,0.0609579,300.4712667,53.47697143
2152,3,1.2277446,0.070298036,361.6778335,17.46484916
2153,2,23.21551621,0.295549533,257.3055469,78.55033964
2153,3,13.48865036,0.15754875,249.0353749,85.61572455
2155,1,9.69508415,0.154661758,286.4189163,62.68572329
2155,2,24.33027143,0.344989107,268.2456419,70.52475273
2156,1,15.15155716,0.186433878,252.4508773,81.27040721
2156,2,18.8323055,0.251713745,264.862582,74.81635725
2156,3,20.53161421,0.251064541,251.4687018,81.77823179
2157,2,16.0055956,0.235869991,278.0509189,67.85770229
2157,3,16.1809712,0.220111102,265.6941212,73.51274448
2158,1,21.49588675,0.282139072,259.3179322,76.1889751
2158,2,1.472755908,0.028660281,302.2236518,51.38665262
2158,3,8.256434619,0.060644945,165.9405799,136.1438234
2159,1,11.75971405,0.112103926,216.5463371,104.9001088
2159,2,17.34538514,0.537500478,327.9408487,32.27045531
2159,3,4.551947066,0.041443785,211.4695152,109.8342503
2160,1,5.458708763,0.05524312,227.4966632,98.81246246
2160,2,11.82593669,0.093885518,184.9080083,125.9612447
2160,3,1.385051189,0.026780946,303.5704215,51.717784
2161,1,18.17087803,0.197787659,237.6080093,91.87063609
2161,2,20.53745044,0.238518254,244.2165976,86.10431331
2161,3,29.0772403,0.248128744,189.9472472,117.1861022
2162,2,16.81670245,0.157521746,211.0886702,106.7579738
2162,3,22.83180828,0.234741917,226.1621969,97.26344798
2163,1,22.60161498,0.188999232,189.2547664,119.5857505
2163,2,17.50996487,0.216987088,255.1380262,80.69588381
2164,1,18.94679221,0.105939322,102.7263217,178.8456993
2164,2,21.59451764,0.171333461,184.5606679,126.0379469
2164,3,18.01128992,0.092524334,76.00555916,194.6654367
2165,1,21.75909552,0.292461516,264.3533928,74.39985884
2165,2,23.47357276,0.218076747,210.8080062,107.6390449
2165,3,23.08033227,0.309225325,264.5362674,74.63920451
2167,1,26.373126,0.232371026,201.7694031,113.4957591
2167,2,18.57943725,0.161055894,201.5348308,115.3601819
2167,3,29.21850113,0.248040307,195.5882485,117.7973914
2168,1,19.61614505,0.121823663,128.1538721,161.0208109
2168,2,14.99847884,0.122849349,194.1563605,122.0883869
2168,3,8.218856452,0.084079369,231.0679671,97.75116738
2169,1,11.36702839,0.076040466,147.7217185,149.4865687
2169,3,30.18871596,0.297939123,219.6532498,101.3251151
2172,1,14.25138108,0.098800054,153.68868,144.2446695
2172,2,21.13300784,0.214007503,226.8015168,98.74891089
2172,3,1.777518516,0.04647055,325.5839113,38.25043025
2173,1,22.74983524,0.220600065,218.6167389,103.1270558
2173,2,9.655565916,0.08642135,204.0702916,111.7266268
2173,3,13.85182646,0.13691245,224.5358903,101.1728768
2174,1,14.25420314,0.141054265,224.8167105,101.0547477
2174,2,18.92026189,0.226113327,251.0379596,83.67601378
2174,3,14.05764351,0.191456222,268.7886486,73.42484533
2175,1,6.612769082,0.09165081,270.8769165,72.15177996
2175,2,14.23790289,0.128132065,207.6579963,111.1189684
2175,3,9.992163356,0.095698374,220.8500325,104.4130941
2176,2,11.49143999,0.077318464,148.312868,148.6247847
2176,3,9.063467722,0.067550799,171.6333648,134.1726207
2179,1,12.4957164,0.134011201,235.0084057,93.2438206
2179,2,9.780667487,0.172334759,293.565954,56.75388738
2179,3,14.10357685,0.126938791,206.4635302,111.1053346
2180,3,7.44486164,0.084657185,247.393526,87.94128507
2181,1,7.468077956,0.053600999,165.7024773,139.3272163
2181,2,1.706257587,0.025741314,280.3027181,66.28478961
2181,3,12.00451373,0.164130374,267.6165276,73.14011076
2182,1,3.07651566,0.018082671,116.8332192,170.1361319
2182,2,10.60790501,0.105184883,225.3712777,100.850091
2182,3,18.17125113,0.221408469,248.4931169,82.07116564
2183,1,12.6633104,0.127886404,226.534991,99.01998955
2183,2,8.346288751,0.117762538,272.3418127,70.87388663
2183,3,28.81194368,0.300456799,228.2577554,95.89379819
2184,1,18.14621871,0.236948335,261.4657654,76.58301844
2185,1,4.554861651,0.037125635,193.9826029,122.6877782
2185,2,2.204012328,0.010593883,53.89292581,208.0457567
2185,3,23.35172428,0.241216195,228.6622204,96.80827717
2186,1,18.58521741,0.173454794,213.6664734,107.1473261
2186,2,17.09686129,0.226541224,267.2706741,75.46909569
2186,3,20.66536522,0.325253322,284.9928202,63.53621567
2187,1,6.576834768,0.077319055,252.6288812,85.06098179
2187,2,21.22197155,0.256485035,250.0297359,82.74155872
2187,3,1.823698158,0.042662436,319.4691983,42.74716453
2188,2,19.43751256,0.218573961,238.4611873,88.92876557
2188,3,21.20198625,0.316071675,262.8047073,67.0796783
2189,1,22.14337403,0.329973663,271.8325588,67.10648917
2189,2,9.206462108,0.074058448,178.2921966,124.3134618
2189,3,23.97512697,0.240739063,222.2614685,99.58968299
2190,1,13.79338442,0.07254574,85.8209227,190.1336236
2190,2,18.39073797,0.140183477,179.2644407,131.1904825
2190,3,17.09401751,0.133834138,181.6071535,127.7253905
2191,1,13.49717195,0.087105144,135.9346329,154.9526397
2191,2,22.59982805,0.231274991,226.1853488,97.71842578
2191,3,10.0245665,0.07468174,170.7777911,134.2304895
2192,1,17.16136728,0.151332857,205.2301799,113.4014624
2192,3,16.41026659,0.139371945,198.1493458,117.744404
2193,1,14.24268182,0.151977585,237.1500245,93.71567411
2193,2,4.295739047,0.036419382,198.004543,117.952003
2193,3,13.29478329,0.123759626,216.7599233,107.4242364
2194,1,21.42009592,0.259741961,252.3365184,82.46682914
2194,2,17.82269753,0.095561304,87.3076677,186.5053823
2194,3,27.32833134,0.223643797,188.8436249,122.1957941
2195,1,14.94791226,0.256395289,294.1209508,58.30026092
2195,2,6.399079107,0.096953446,281.2716148,66.00156449
2195,3,19.33749408,0.249239834,260.2911166,77.58588887
2196,1,22.2155567,0.569036361,324.3099198,39.04066283
2196,2,31.45287667,0.564289842,296.5812831,55.73886734
2197,1,25.84041169,0.307249033,247.1785069,84.10249951
2197,2,21.76516924,0.311763668,267.1984893,69.81303948
2197,3,28.25746635,0.587753681,304.2720147,48.07705553
2198,1,7.7795768,0.061448593,185.0439075,126.6030102
2198,2,18.77338092,0.183889493,218.8092242,102.090558
2198,3,10.44457894,0.102222886,222.5375442,102.1745653
2199,1,13.73665613,0.170566472,256.3269194,80.53550032
2199,2,5.372437414,0.025751419,56.47488276,208.6268518
2200,2,19.00507823,0.238080782,254.9363332,79.82617524
2200,3,19.08985608,0.243960193,258.6692334,78.24988115
2201,1,5.04134832,0.037015142,170.3776766,136.1969207
2201,2,3.093803843,0.034357927,247.6510577,90.04628833
2202,1,11.71516405,0.113527696,219.823177,103.1921239
2203,1,7.036425786,0.089731724,265.0949894,78.41625543
2203,2,27.87310973,0.239700119,193.3263853,116.2832538
2203,3,23.15696508,0.190875781,185.7925859,121.3195561
2204,1,12.99209044,0.162091001,252.6890054,80.15306428
2204,2,14.61968975,0.184855598,257.5790413,79.08708157
2204,3,22.11570498,0.410535853,297.1159968,53.87033757
2205,1,18.49893984,0.311861742,287.5890712,59.31775954
2205,2,4.97361026,0.074755733,282.5270176,66.53148934
2205,3,10.83420759,0.26602693,324.3169689,40.72598065
2207,1,27.33904959,0.297814171,231.2631594,91.79902197
2207,2,6.712992717,0.082451343,256.4751009,81.41762684
2207,3,22.60791075,0.191729503,191.5011868,117.9156595
2208,1,24.81731581,0.262548598,233.7823855,94.52465553
2208,2,16.06232823,0.231334497,275.006176,69.43334619
2208,3,22.46900046,0.23808565,235.3674829,94.37360239
2209,1,4.117125566,0.366717858,371.2228375,11.22695684
2209,2,15.12978731,0.186315444,253.2351409,81.20522394
2209,3,13.96214017,0.140445417,224.9198571,99.41328456
2210,1,4.124477118,0.061534111,278.2742835,67.02749154
2210,2,25.67089832,0.449428852,293.0970284,57.11893712
2210,3,11.66484173,0.110875161,219.4902543,105.2069879
2211,1,16.08662104,0.126206987,177.9624242,127.4622068
2211,2,12.50824607,0.079064839,128.8166176,158.202385
2211,3,16.38938779,0.159263339,219.9186511,102.9074732
2212,2,24.38326678,0.198780144,186.1072201,122.6644988
2212,3,18.92199053,0.248636335,261.1231986,76.10307855
2213,1,20.53723359,0.205393083,221.1052255,99.98989895
2213,2,12.32652842,0.109970952,205.2933299,112.0889491
2213,3,24.75741712,0.25589241,226.3161573,96.74932167
2214,1,7.626850968,0.05578847,169.18604,136.7101654
2214,2,8.954275041,0.06606611,160.518165,135.535072
2214,3,17.54983769,0.127676532,163.6060771,137.4554698
2216,1,19.6066289,0.196213988,208.8740843,99.92472561
2216,2,15.44848144,0.111165597,162.1526043,138.9681863
2217,2,15.9474131,0.165984602,230.0652179,96.07766545
2217,3,18.05856361,0.178234438,219.9683894,101.3191601
2218,1,21.56612697,0.224581692,225.5802162,96.02798348
2218,2,8.440772894,0.065905627,182.3059236,128.0736298
2219,2,11.5693285,0.093976481,190.4297673,123.1087645
2219,3,8.042831428,0.0772394,220.7273571,104.128611
2220,1,19.00138561,0.143501193,166.6682777,132.4127363
2220,2,15.27256112,0.145458482,212.5131878,104.9960164
2220,3,15.60971962,0.218752365,270.1424711,71.35794669
2221,1,8.994816993,0.098673395,240.8657119,91.15746924
2221,2,14.0288084,0.188149933,264.0631329,74.56185711
2221,3,19.37935623,0.24669216,256.0965486,78.55683873
2222,1,21.84031299,0.195279167,204.6937723,111.8414898
2222,2,17.09749236,0.130046805,176.0750204,131.4718374
2222,3,15.85051665,0.107178316,148.3866722,147.8892122
2223,1,20.69483032,0.154141024,167.6453371,134.259069
2223,2,3.700137422,0.037350525,227.0825653,99.06520461
2223,3,10.06854056,0.054597204,94.70982606,184.4149501
2224,1,25.02653759,0.295733559,248.7684775,84.62528792
2224,2,24.4195275,0.24150709,221.5930044,101.1130874
2224,3,23.74083442,0.349531038,276.3724919,67.92196357
2225,1,22.92978143,0.265679961,244.4357084,86.30602513
2226,1,15.58424126,0.171781914,239.4999647,90.72108275
2226,2,17.78852658,0.189494567,229.8687524,93.87354405
2226,3,15.65438281,0.065343168,2.348973962,239.5718364
2227,2,20.01088287,0.142718932,158.5823437,140.211832
2227,3,30.75005432,0.436649958,269.6827021,70.42266639
2228,1,18.82365158,0.191127413,224.439467,98.48745008
2228,2,20.47022285,0.212276609,224.8721709,96.43183469
2228,3,16.37605573,0.277560709,290.3569024,58.99990587
2229,1,9.166146656,0.091218074,226.7803347,100.48608
2229,2,12.07936705,0.137370379,244.3775986,87.93283615
2229,3,18.517226,0.099009256,86.82647113,187.0252
2230,1,20.8234434,0.183819162,200.1221401,113.2822237
2230,2,8.160245902,0.185513404,318.5041038,43.98736543
2230,3,10.60092777,0.182211845,296.8406994,58.17913636
2231,1,8.787739284,0.039114379,29.78166597,224.6677444
2231,3,13.83661065,0.097183447,159.7864461,142.3762084
2232,1,34.43990081,0.422424521,245.8368944,81.52912311
2232,2,16.59150891,0.142421796,197.3408112,116.4955742
2232,3,8.669883261,0.077794608,208.6262959,111.4458116
2233,1,20.21024854,0.175976403,197.5843958,114.8463555
2233,2,3.569460991,0.059890025,292.1206937,59.60025859
2233,3,6.870836844,0.047724328,155.160214,143.9692746
2234,1,8.986787935,0.068809968,174.5874759,130.6029962
2234,2,15.32534277,0.1370695,197.2558637,111.8070959
2235,1,20.44065339,0.242205531,246.8558755,84.39383406
2235,2,20.95739011,0.184109499,199.6242134,113.8311182
2235,3,28.9510415,0.286241676,215.1898426,101.1419507
2236,1,25.63185817,0.369903705,270.3329097,69.29332641
2236,2,27.96623448,0.207991631,161.2236459,134.4584607
2236,3,32.63940829,1.074857163,329.9553532,30.3662751
2237,1,11.68861832,0.093449188,185.045982,125.079935
2237,2,4.272399891,0.023988691,104.3613727,178.1005874
2237,3,31.21314886,0.331407087,229.401024,94.18370979
2238,1,24.69866514,0.255235311,223.1167872,96.76821363
2238,2,11.83433747,0.147947881,257.3157911,79.98990876
2238,3,9.401562979,0.101990655,238.6038404,92.18063129
2239,2,23.13127482,0.492401338,311.5860005,46.97646619
2239,3,22.11830684,0.329689078,275.354869,67.08838214
2240,2,22.61900131,0.183740584,187.1236389,123.1029142
2240,3,14.94593566,0.120640645,189.2497838,123.8880618
2241,2,15.5566739,0.15183802,130.6594816,102.4557217
2241,3,37.85366378,0.43225806,236.1358844,87.5719096
2242,1,12.75808425,0.120215624,215.1684936,106.1266732
2242,2,6.535474887,0.05166999,185.8158667,126.4849263
2242,3,9.531178837,0.058519324,127.9643125,162.8723333
2243,1,1.247472344,0.016739696,271.7105877,74.52180253
2244,1,11.10635523,0.089557071,185.1965929,124.0142756
2244,2,19.12443591,0.099168072,78.76975933,192.8487219
2244,3,14.98714703,0.088596131,116.6474337,169.1625459
2245,1,12.22426711,0.085498169,159.186714,142.9769459
2245,2,13.46042781,0.090244652,152.0127836,149.1548537
2245,3,22.45415885,0.298058475,264.8696956,75.33474383
2246,1,6.639951034,0.08023671,256.3660593,82.75452805
2246,3,5.349553646,0.03604952,152.2994397,148.3945873
2247,1,1.532125669,0.021527227,270.7465708,71.17152892
2247,2,14.78979804,0.209077844,269.3624666,70.73823664
2247,3,20.39952724,0.27087052,259.6816248,75.31099078
2248,1,16.33372552,0.121769772,171.206612,134.1361262
2248,2,22.13388043,0.173728263,179.7448012,127.4051786
2248,3,21.07053987,0.166520806,180.595673,126.5339775
2249,1,10.13223934,0.058229621,110.4566291,174.0048978
2249,2,10.06541977,0.081119534,189.1271237,124.0813308
2249,3,1.248013185,0.01571907,261.8188638,79.39484759
2250,1,10.46247591,0.082982305,184.7943302,126.0808065
2250,3,15.9290793,0.167263739,229.0301415,95.23330889
2251,1,8.382471135,0.117215008,273.0499403,71.51363344
2251,2,15.16049483,0.104717235,153.6976954,144.7755459
2251,3,15.7056635,0.159661261,223.5825294,98.36865487
2252,1,22.1529038,0.320173448,274.9338231,69.19032159
2252,2,7.536147901,0.059279388,185.3686348,127.1293131
2252,3,17.07260977,0.135533272,184.4888103,125.966189
2253,1,16.80513416,0.176485624,227.7522547,95.22098078
2253,2,22.42820575,0.222119653,216.7448739,100.9735313
2253,3,9.655354228,0.115044488,247.6505108,83.92713438
2254,1,9.656526487,0.048200516,68.57126275,200.3407265
2254,3,16.84939856,0.220807494,264.5352496,76.30809184
2256,1,10.72252985,0.169824582,287.2302178,63.13885602
2256,2,0.710838313,0.044830126,359.8439696,15.856264
2256,3,4.713169583,0.067933057,275.116034,69.37961809
2257,1,15.06749922,0.142441031,219.0482028,105.7806103
2257,2,21.47303134,0.17064602,178.7212558,125.8337662
2257,3,22.42652463,0.210714159,210.3578468,106.4310281
2258,1,30.65596006,0.291685823,214.9290994,105.0992461
2258,2,14.11975082,0.132529788,215.3900168,106.5402055
2258,3,24.92233337,0.5028927,307.1287485,49.55795413
2259,1,20.39874756,0.137706718,146.7578406,148.1318256
2259,2,14.34121718,0.176551441,253.6616633,81.22968067
2259,3,12.26138759,0.095338614,179.791291,128.6088301
2260,1,8.013256495,0.081534458,229.0117978,98.2806131
2260,2,12.28363413,0.156154679,260.5632663,78.66324712
2260,3,16.46924751,0.199989509,252.3103161,82.35055709
2261,1,23.20814652,0.239793551,229.8828625,96.78386442
2261,2,0.152652159,0.00718355,349.3679871,21.25023955
2261,3,16.92060576,0.177213303,229.769465,95.48157797
2262,1,22.50989243,0.161105027,157.9606884,139.7218502
2262,2,15.4922495,0.108558235,155.7345323,142.7091139
2262,3,18.90111837,0.158696666,194.1014627,119.1021769
2263,2,12.14815909,0.159335817,276.4733622,76.2424878
2264,1,24.13350297,0.247282368,225.0177827,97.5949201
2264,2,21.59399297,0.227321343,230.1166191,94.99324926
2264,3,22.44555225,0.174451785,177.3686809,128.6633569
2265,1,20.53919017,0.235329943,246.0558929,87.2782694
2265,2,21.29805193,0.201429236,216.6434112,105.7346607
2266,1,25.23537126,0.236401918,212.3662342,106.7477434
2266,2,11.93536085,0.155106533,265.7020156,76.94943993
2266,3,21.16232869,0.20630565,216.6322001,102.5775529
2267,1,11.69783348,0.185589013,285.1715801,63.0308512
2267,2,13.49269042,0.088004201,142.9863703,153.3187089
2267,3,20.47133605,0.24533967,248.8108558,83.44079069
2268,3,5.158570932,0.029508045,112.6968639,174.8191344
2269,1,13.0638891,0.158102896,255.1066694,82.62903081
2269,2,4.652714332,0.049611764,233.0325075,93.78248223
2269,3,3.095517879,0.035648955,247.8237737,86.83334213
2270,1,11.13688003,0.048396312,19.42519496,230.1183635
2270,2,15.16793907,0.072352828,51.57114994,209.6385101
2270,3,19.19258698,0.217302467,241.1486223,88.32199304
2271,2,21.66985887,0.290768782,262.2084499,74.52608469
2271,3,18.74674283,0.120842224,135.9668854,155.1340431
2272,1,15.77489094,0.182567073,248.7773603,86.40600233
2272,2,23.03163896,0.204531518,203.6804116,112.6067963
2272,3,16.79594328,0.137164232,189.4181013,122.4513343
