Plot,Repeat,SLA
1001,1,217.6870748
1001,2,197.5308642
1001,3,209.1503268
1002,1,209.1503268
1002,2,186.0465116
1002,3,193.9393939
1003,1,226.9503546
1003,2,206.4516129
1003,3,206.4516129
1004,1,181.8181818
1004,2,200
1004,3,202.5316456
1005,1,166.6666667
1005,2,191.6167665
1005,3,182.8571429
1006,1,164.9484536
1006,2,159.2039801
1006,3,180.7909605
1007,1,167.539267
1007,2,165.8031088
1007,3,181.8181818
1008,1,187.1345029
1008,2,170.212766
1008,3,230.2158273
1009,1,251.9685039
1009,2,220.6896552
1009,3,246.1538462
1010,1,223.7762238
1010,2,235.2941176
1010,3,191.6167665
1011,1,214.7651007
1011,2,225.3521127
1011,3,209.1503268
1012,1,214.7651007
1012,2,183.908046
1012,3,191.0447761
1013,1,240.6015038
1013,2,196.3190184
1013,3,207.7922078
1014,1,207.7922078
1014,2,268.907563
1014,3,186.0465116
1015,1,186.0465116
1015,2,160.8040201
1015,3,195.1219512
1016,1,206.4516129
1016,2,220.6896552
1016,3,167.539267
1017,1,206.4516129
1017,2,162.4365482
1017,3,144.7963801
1018,1,228.5714286
1018,2,202.5316456
1018,3,177.7777778
1019,1,217.6870748
1019,2,228.5714286
1019,3,195.1219512
1020,1,278.2608696
1020,2,273.5042735
1020,3,226.9503546
1021,1,149.5327103
1021,2,266.6666667
1021,3,140.969163
1022,1,220.6896552
1022,2,228.5714286
1022,3,228.5714286
1023,1,174.863388
1023,2,172.0430108
1023,3,217.6870748
1024,1,174.863388
1024,2,180.7909605
1024,3,39.50617284
1025,1,210.5263158
1025,2,205.1282051
1025,3,222.2222222
1026,1,209.1503268
1026,2,213.3333333
1026,3,283.1858407
1027,1,216.2162162
1027,2,220.6896552
1027,3,223.7762238
1028,1,200
1028,2,202.5316456
1028,3,201.2578616
1029,1,207.7922078
1029,2,216.2162162
1029,3,202.5316456
1030,1,209.1503268
1030,2,231.884058
1030,3,226.9503546
1031,1,189.3491124
1031,2,238.8059701
1031,3,214.7651007
1032,1,223.7762238
1032,2,220.6896552
1032,3,189.3491124
1033,1,190.4761905
1033,2,198.757764
1033,3,197.5308642
1034,1,148.1481481
1034,2,170.212766
1034,3,181.8181818
1035,1,179.7752809
1035,2,188.2352941
1035,3,151.6587678
1036,1,182.8571429
1036,2,195.1219512
1036,3,183.908046
1037,1,181.8181818
1037,2,177.7777778
1037,3,184.9710983
1038,1,211.9205298
1038,2,200
1038,3,226.9503546
1039,1,197.5308642
1039,2,207.7922078
1039,3,240.6015038
1040,1,230.2158273
1040,2,211.9205298
1040,3,190.4761905
1041,1,205.1282051
1041,2,192.7710843
1041,3,187.1345029
1042,1,197.5308642
1042,2,197.5308642
1042,3,182.8571429
1043,1,211.9205298
1043,2,225.3521127
1043,3,178.7709497
1044,1,189.3491124
1044,2,203.8216561
1044,3,188.2352941
1045,1,200
1045,2,220.6896552
1045,3,184.9710983
1046,1,203.8216561
1046,2,203.8216561
1046,3,235.2941176
1047,1,188.2352941
1047,2,165.8031088
1047,3,153.8461538
1048,1,200
1048,2,220.6896552
1048,3,226.9503546
1049,1,164.1025641
1049,2,186.0465116
1049,3,175.8241758
1050,1,176.7955801
1050,2,167.539267
1050,3,170.212766
1051,1,179.7752809
1051,2,211.9205298
1051,3,207.7922078
1052,1,184.9710983
1052,2,196.3190184
1052,3,205.1282051
1053,1,201.2578616
1053,2,181.8181818
1053,3,176.7955801
1054,1,183.908046
1054,2,198.757764
1054,3,187.1345029
1055,1,142.2222222
1055,2,140.969163
1055,3,135.021097
1056,1,188.2352941
1056,2,237.037037
1056,3,244.2748092
1057,1,186.0465116
1057,2,176.7955801
1057,3,222.2222222
1058,1,214.7651007
1058,2,207.7922078
1058,3,225.3521127
1059,1,242.4242424
1059,2,237.037037
1059,3,166.6666667
1060,1,197.5308642
1060,2,184.9710983
1060,3,190.4761905
1061,1,202.5316456
1061,2,206.4516129
1061,3,183.908046
1062,1,197.5308642
1062,2,206.4516129
1062,3,189.3491124
1063,1,180.7909605
1063,2,190.4761905
1063,3,211.9205298
1064,1,166.6666667
1064,2,153.1100478
1064,3,171.1229947
1065,1,188.2352941
1065,2,211.9205298
1065,3,171.1229947
1066,1,220.6896552
1066,2,235.2941176
1066,3,246.1538462
1067,1,231.884058
1067,2,197.5308642
1067,3,231.884058
1068,1,171.1229947
1068,2,155.3398058
1068,3,162.4365482
1069,1,165.8031088
1069,2,176.7955801
1069,3,190.4761905
1070,1,198.757764
1070,2,179.7752809
1070,3,198.757764
1071,1,182.8571429
1071,2,202.5316456
1071,3,162.4365482
1072,1,179.7752809
1072,2,197.5308642
1072,3,173.9130435
1073,1,164.1025641
1073,2,183.908046
1073,3,184.9710983
1074,1,182.8571429
1074,2,198.757764
1074,3,197.5308642
1075,1,250
1075,2,253.968254
1075,3,271.1864407
1076,1,213.3333333
1076,2,237.037037
1076,3,191.6167665
1077,1,178.7709497
1077,2,170.212766
1077,3,219.1780822
1078,1,209.1503268
1078,2,213.3333333
1078,3,189.3491124
1079,1,183.908046
1079,2,207.7922078
1079,3,260.1626016
1080,1,172.0430108
1080,2,192.7710843
1080,3,210.5263158
1081,1,238.8059701
1081,2,225.3521127
1081,3,223.7762238
1082,1,240.6015038
1082,1,235.2941176
1082,2,205.1282051
1082,3,220.6896552
1083,1,169.3121693
1083,2,238.8059701
1083,3,201.2578616
1084,1,159.2039801
1084,2,184.9710983
1084,3,200
1085,1,184.9710983
1085,2,184.9710983
1085,3,173.9130435
1086,1,220.6896552
1086,2,197.5308642
1086,3,192.7710843
1087,1,158.4158416
1087,2,158.4158416
1087,3,196.3190184
1088,1,162.4365482
1088,2,174.863388
1088,3,169.3121693
1089,1,203.8216561
1089,2,217.6870748
1089,3,223.7762238
1090,1,182.8571429
1090,2,264.4628099
1090,3,198.757764
1091,1,230.2158273
1091,2,210.5263158
1091,3,214.7651007
1092,1,211.9205298
1092,2,200
1092,3,223.7762238
1093,1,209.1503268
1093,2,226.9503546
1093,3,210.5263158
1094,1,143.4977578
1094,2,153.1100478
1094,3,179.7752809
1095,1,171.1229947
1095,2,209.1503268
1095,3,169.3121693
1096,1,166.6666667
1096,2,211.9205298
1096,3,168.4210526
1097,1,181.8181818
1097,2,182.8571429
1097,3,193.9393939
1098,1,231.884058
1098,2,266.6666667
1098,3,202.5316456
1099,1,213.3333333
1099,2,186.0465116
1099,3,197.5308642
1100,1,186.0465116
1100,2,158.4158416
1100,3,172.972973
1101,1,201.2578616
1101,2,196.3190184
1101,3,206.4516129
1102,1,181.8181818
1102,2,190.4761905
1102,3,219.1780822
1103,1,189.3491124
1103,2,200
1103,3,214.7651007
1104,1,193.9393939
1104,2,184.9710983
1104,3,201.2578616
1105,1,207.7922078
1105,2,171.1229947
1105,3,188.2352941
1106,1,202.5316456
1106,2,217.6870748
1106,3,242.4242424
1107,1,197.5308642
1107,2,220.6896552
1107,3,200
1108,1,214.7651007
1108,2,192.7710843
1108,3,201.2578616
1109,1,182.8571429
1109,2,200
1109,3,201.2578616
1110,1,210.5263158
1110,2,188.2352941
1110,3,169.3121693
1111,1,171.1229947
1111,2,170.212766
1111,3,152.3809524
1112,1,226.9503546
1112,2,181.8181818
1112,3,193.9393939
1113,1,235.2941176
1113,2,193.9393939
1113,3,181.8181818
1114,1,196.3190184
1114,2,195.1219512
1114,3,219.1780822
1115,1,166.6666667
1115,2,195.1219512
1115,3,188.2352941
1116,1,188.2352941
1116,2,184.9710983
1116,3,183.908046
1117,1,210.5263158
1117,3,211.9205298
1118,1,205.1282051
1118,2,202.5316456
1118,3,200
1119,1,209.1503268
1119,2,217.6870748
1119,3,201.2578616
1120,1,186.0465116
1120,2,193.9393939
1120,3,209.1503268
1121,1,181.8181818
1121,2,172.0430108
1121,3,178.7709497
1122,1,197.5308642
1122,2,210.5263158
1122,3,231.884058
1123,1,155.3398058
1123,2,182.8571429
1123,3,190.4761905
1124,1,246.1538462
1124,2,256
1124,3,226.9503546
1125,1,183.908046
1125,2,191.6167665
1125,3,190.4761905
1126,1,180.7909605
1126,2,186.8613139
1126,3,231.884058
1127,1,201.2578616
1127,2,189.3491124
1127,3,181.8181818
1128,1,156.097561
1128,2,193.9393939
1128,3,183.908046
1129,1,210.5263158
1129,2,202.5316456
1129,3,223.7762238
1130,1,217.6870748
1130,2,258.0645161
1130,3,228.5714286
1131,1,187.1345029
1131,2,216.2162162
1131,3,196.3190184
1132,1,159.2039801
1132,2,180.7909605
1132,3,197.5308642
1133,1,216.2162162
1133,2,211.9205298
1133,3,198.757764
1134,1,201.2578616
1134,2,171.1229947
1134,3,202.5316456
1135,1,203.8216561
1135,2,214.7651007
1135,3,192.7710843
1136,1,189.3491124
1136,2,293.5779817
1136,3,187.1345029
1137,1,181.8181818
1137,2,196.3190184
1137,3,202.5316456
1138,1,179.7752809
1138,2,171.1229947
1138,3,161.6161616
1139,1,209.1503268
1139,2,203.8216561
1139,3,202.5316456
1140,1,179.7752809
1140,2,196.3190184
1140,3,164.1025641
1141,1,206.4516129
1141,2,225.3521127
1141,3,196.3190184
1142,1,158.4158416
1142,2,153.8461538
1142,3,203.8216561
1143,1,172.972973
1143,2,193.9393939
1143,3,189.3491124
1144,1,174.863388
1144,2,213.3333333
1144,3,213.3333333
1145,1,178.7709497
1145,2,171.1229947
1145,3,179.7752809
1146,1,195.1219512
1146,2,188.2352941
1146,3,182.8571429
1147,1,182.8571429
1147,2,222.2222222
1147,3,202.5316456
1148,1,173.9130435
1148,2,172.972973
1148,3,201.2578616
1149,1,205.1282051
1149,2,220.6896552
1149,3,210.5263158
1150,1,193.9393939
1150,2,164.1025641
1150,3,196.3190184
1151,1,219.1780822
1151,2,177.7777778
1151,3,201.2578616
1152,1,178.7709497
1152,2,203.8216561
1152,3,170.212766
1153,1,163.2653061
1153,2,179.7752809
1153,3,186.0465116
1154,1,172.972973
1154,2,202.5316456
1154,3,169.3121693
1155,1,220.6896552
1155,2,191.6167665
1155,3,189.3491124
1156,1,189.3491124
1156,2,202.5316456
1156,3,195.1219512
1157,1,191.6167665
1157,2,197.5308642
1157,3,205.1282051
1158,1,211.9205298
1158,2,203.8216561
1158,3,189.3491124
1159,1,164.9484536
1159,2,178.7709497
1159,3,188.2352941
1160,1,192.7710843
1160,2,170.212766
1160,3,190.4761905
1161,1,196.3190184
1161,2,157.635468
1161,3,179.7752809
1162,1,186.0465116
1162,2,191.6167665
1162,3,158.4158416
1163,1,207.7922078
1163,2,225.3521127
1163,3,175.3424658
1164,1,196.3190184
1164,2,183.908046
1164,3,233.5766423
1165,1,208.1300813
1165,2,176.7955801
1165,3,179.7752809
1166,1,169.3121693
1166,2,181.8181818
1166,3,164.9484536
1167,1,198.757764
1167,2,183.908046
1167,3,188.2352941
1168,1,176.7955801
1168,2,201.2578616
1168,3,168.4210526
1169,1,177.7777778
1169,2,178.7709497
1169,3,181.8181818
1170,1,193.9393939
1170,2,166.6666667
1170,3,153.8461538
1171,1,182.8571429
1171,2,177.7777778
1171,3,175.8241758
1172,1,186.0465116
1172,2,187.1345029
1172,3,176.7955801
1173,1,197.5308642
1173,2,183.908046
1173,3,178.7709497
1174,1,160.8040201
1174,2,175.8241758
1174,3,167.539267
1175,1,152.3809524
1175,2,158.4158416
1175,3,161.6161616
1176,1,216.2162162
1176,2,210.5263158
1176,3,230.2158273
1177,1,184.9710983
1177,2,202.5316456
1177,3,191.6167665
1178,1,191.6167665
1178,2,193.9393939
1178,3,183.908046
1179,1,216.2162162
1179,2,201.2578616
1179,3,209.1503268
1180,1,176.5517241
1180,2,189.3491124
1180,3,175.8241758
1181,1,206.4516129
1181,2,246.1538462
1181,3,238.8059701
1182,1,260.1626016
1182,2,186.0465116
1182,3,190.4761905
1183,1,171.1229947
1183,2,182.8571429
1183,3,173.9130435
1184,1,184.9710983
1184,2,207.7922078
1184,3,222.2222222
1185,1,188.2352941
1185,2,172.972973
1185,3,225.3521127
1186,1,166.6666667
1186,2,186.0465116
1186,3,209.1503268
1187,1,198.757764
1187,2,226.9503546
1187,3,220.6896552
1188,1,230.2158273
1188,2,217.6870748
1188,3,203.8216561
1189,1,209.1503268
1189,2,233.5766423
1189,3,278.2608696
1190,1,191.6167665
1190,2,184.9710983
1190,3,178.7709497
1191,1,205.1282051
1191,2,190.4761905
1191,3,187.1345029
1192,1,202.5316456
1192,2,195.1219512
1192,3,193.9393939
1193,1,211.9205298
1193,2,238.8059701
1193,3,206.4516129
1194,1,186.0465116
1194,2,195.1219512
1194,3,225.3521127
1195,1,217.6870748
1195,2,238.8059701
1195,3,240.6015038
1197,1,183.908046
1197,2,209.1503268
1197,3,191.6167665
1198,1,197.5308642
1198,2,175.8241758
1198,3,225.3521127
1199,1,256
1199,2,177.7777778
1199,3,246.1538462
1200,1,169.3121693
1200,2,173.9130435
1200,3,158.4158416
1201,1,170.212766
1201,2,205.1282051
1201,3,162.4365482
1202,1,192.7710843
1202,2,205.1282051
1202,3,222.2222222
1203,1,244.2748092
1203,2,197.5308642
1203,3,175.8241758
1204,1,196.3190184
1204,2,179.7752809
1204,3,190.4761905
1205,1,214.7651007
1205,2,214.7651007
1205,3,222.2222222
1206,1,179.7752809
1206,2,223.7762238
1206,3,151.6587678
1207,1,214.7651007
1207,2,235.2941176
1207,3,271.1864407
1208,1,190.4761905
1208,2,206.4516129
1208,3,202.5316456
1209,1,200
1209,2,200
1209,3,209.1503268
1210,1,161.6161616
1210,2,186.0465116
1210,3,156.8627451
1211,1,144.7963801
1211,2,170.212766
1211,3,164.9484536
1212,1,195.1219512
1212,2,201.2578616
1212,3,201.2578616
1213,1,189.3491124
1213,2,195.1219512
1213,3,211.9205298
1214,1,213.3333333
1214,2,216.2162162
1214,3,216.2162162
1215,1,193.9393939
1215,2,206.4516129
1215,3,216.2162162
1216,1,198.757764
1216,2,209.1503268
1216,3,184.9710983
1217,1,216.2162162
1217,2,183.908046
1217,3,196.3190184
1218,1,209.1503268
1218,2,230.2158273
1218,3,246.1538462
1219,1,152.3809524
1219,2,151.6587678
1219,3,168.4210526
1220,1,198.757764
1220,2,190.4761905
1220,3,206.4516129
1222,1,181.8181818
1222,2,181.8181818
1222,3,177.7777778
1223,1,242.4242424
1223,2,195.1219512
1223,2,200
1223,3,248.0620155
1224,1,216.2162162
1224,2,226.9503546
1224,3,219.1780822
1225,1,175.8241758
1225,2,200
1225,3,195.1219512
1226,1,156.097561
1226,2,167.539267
1226,3,149.5327103
1227,1,201.2578616
1227,2,175.8241758
1227,3,195.1219512
1228,1,214.7651007
1228,2,201.2578616
1228,3,231.884058
1229,1,172.0430108
1229,2,171.1229947
1229,3,190.4761905
1230,1,189.3491124
1230,2,179.7752809
1230,3,163.2653061
1231,1,237.037037
1231,2,174.863388
1231,3,190.4761905
1232,1,169.3121693
1232,2,203.8216561
1232,3,178.7709497
1233,1,217.6870748
1233,2,207.7922078
1233,3,209.1503268
1234,1,266.6666667
1234,2,217.6870748
1234,3,288.2882883
1235,1,210.5263158
1235,2,182.8571429
1235,3,176.7955801
1236,1,187.1345029
1236,2,179.7752809
1236,3,222.2222222
1237,1,179.7752809
1237,2,193.9393939
1237,3,230.2158273
1238,1,180.7909605
1238,2,188.2352941
1238,3,216.2162162
1239,1,184.9710983
1239,2,220.6896552
1239,3,214.7651007
1240,1,197.5308642
1240,2,237.037037
1240,3,209.1503268
1241,1,173.9130435
1241,2,180.7909605
1241,3,172.972973
1242,1,244.2748092
1242,2,237.037037
1242,3,216.2162162
1243,1,210.5263158
1243,2,219.1780822
1243,3,207.7922078
1244,1,203.8216561
1244,2,235.2941176
1244,3,206.4516129
1245,1,233.5766423
1245,2,231.884058
1245,3,223.7762238
1246,1,200
1246,2,238.8059701
1246,3,216.2162162
1247,1,160.8040201
1247,2,175.8241758
1247,3,203.8216561
1248,1,184.9710983
1248,2,150.2347418
1248,3,196.3190184
1249,1,207.7922078
1249,2,196.3190184
1249,3,191.6167665
1250,1,198.757764
1250,2,188.2352941
1250,3,186.0465116
1251,1,175.8241758
1251,2,205.1282051
1251,3,202.5316456
1252,1,220.6896552
1252,2,222.2222222
1252,3,268.907563
1253,1,237.037037
1253,2,228.5714286
1253,3,266.6666667
1254,1,207.7922078
1254,2,231.884058
1254,3,192.7710843
1255,1,189.3491124
1255,2,216.2162162
1255,3,168.4210526
1256,1,197.5308642
1256,2,192.7710843
1256,3,180.7909605
1257,1,188.2352941
1257,2,228.5714286
1257,3,213.3333333
1258,1,172.972973
1258,2,165.8031088
1258,3,189.3491124
1259,1,223.7762238
1259,2,223.7762238
1259,3,188.2352941
1260,1,177.7777778
1260,2,167.539267
1260,3,150.9433962
1261,1,186.0465116
1261,2,200
1261,3,178.7709497
1262,1,206.4516129
1262,2,176.7955801
1262,3,196.3190184
1263,1,271.1864407
1263,2,226.5486726
1263,3,230.2158273
1264,1,195.1219512
1264,2,211.9205298
1264,3,193.9393939
1265,1,230.2158273
1265,2,207.7922078
1265,3,246.1538462
1266,1,210.5263158
1266,2,275.862069
1266,3,228.5714286
1267,1,155.3398058
1267,2,178.7709497
1267,3,181.8181818
1268,1,174.863388
1268,2,172.972973
1268,3,163.2653061
1269,1,237.037037
1269,2,211.5702479
1269,3,209.1503268
1270,1,207.7922078
1270,2,166.6666667
1270,3,211.9205298
1271,1,164.9484536
1271,2,166.6666667
1271,3,170.212766
1272,1,222.2222222
1272,2,230.2158273
1272,3,214.7651007
1273,1,156.097561
1273,2,214.7651007
1273,3,171.1229947
1274,1,278.2608696
1274,2,251.9685039
1274,3,238.8059701
1275,1,175.8241758
1275,2,153.8461538
1275,3,156.097561
1276,1,190.4761905
1276,2,181.8181818
1276,3,154.589372
1277,1,175.8241758
1277,2,191.6167665
1277,3,213.3333333
1278,1,191.6167665
1278,2,161.6161616
1278,3,168.4210526
1279,1,264.4628099
1279,2,198.757764
1279,3,182.8571429
1280,1,158.4158416
1280,2,177.7777778
1280,3,187.1345029
1281,1,201.2578616
1281,2,210.5263158
1281,3,216.2162162
1282,1,237.037037
1282,2,240.6015038
1282,3,240.6015038
1283,1,206.4516129
1283,2,172.972973
1283,3,190.4761905
1284,1,198.757764
1284,2,207.7922078
1284,3,217.6870748
1285,1,203.8216561
1285,2,198.757764
1285,3,217.6870748
1286,1,160
1286,2,186.0465116
1286,3,166.6666667
1287,1,209.1503268
1287,2,219.1780822
1287,3,246.1538462
1288,1,171.1229947
1288,2,226.9503546
1288,3,248.0620155
1289,1,202.5316456
1289,2,211.9205298
1289,3,176.7955801
1290,1,148.8372093
1290,2,180.7909605
1290,3,205.1282051
1291,1,213.3333333
1291,2,197.5308642
1291,3,237.037037
1292,1,173.9130435
1292,2,189.3491124
1292,3,176.7955801
1293,1,205.1282051
1293,2,158.4158416
1293,3,162.4365482
1294,1,210.5263158
1294,2,181.8181818
1294,3,165.8031088
1295,1,180.7909605
1295,2,186.0465116
1295,3,167.539267
1296,1,163.2653061
1296,2,144.7963801
1296,3,189.3491124
1297,1,226.9503546
1297,2,248.0620155
1297,3,250
1298,1,250
1298,2,180.7909605
1298,3,220.6896552
1299,1,205.1282051
1299,2,230.2158273
1299,3,223.7762238
1300,1,160
1300,2,144.1441441
1300,3,160.8040201
1301,1,188.2352941
1301,2,198.757764
1301,3,195.1219512
1302,1,225.3521127
1302,2,219.1780822
1302,3,191.6167665
1304,1,176.7955801
1304,2,173.9130435
1304,3,179.7752809
1305,1,209.1503268
1305,2,161.6161616
1305,3,217.6870748
1306,1,240.6015038
1306,2,230.2158273
1306,3,231.884058
1307,1,190.4761905
1307,2,210.5263158
1307,3,207.7922078
1308,1,144.1441441
1308,2,164.1025641
1308,3,151.6587678
1309,1,182.8571429
1309,2,207.7922078
1309,3,192.7710843
1310,1,188.2352941
1310,2,193.9393939
1310,3,174.863388
1311,1,179.7752809
1311,2,198.757764
1311,3,175.8241758
1312,1,148.8372093
1312,2,172.0430108
1312,3,172.0430108
1313,1,177.7777778
1313,2,177.7777778
1313,3,180.7909605
1314,1,170.212766
1314,2,172.0430108
1314,3,164.1025641
1315,1,244.2748092
1315,2,209.1503268
1315,3,223.7762238
1316,1,162.4365482
1316,2,157.635468
1316,3,200
1317,1,183.908046
1317,2,209.1503268
1317,3,172.972973
1318,1,207.7922078
1318,2,169.3121693
1318,3,148.8372093
1319,1,222.2222222
1319,2,192.7710843
1319,3,268.907563
1320,1,206.4516129
1320,2,205.1282051
1320,3,169.3121693
2001,1,166.6666667
2001,2,179.7752809
2001,3,162.4365482
2002,1,193.9393939
2002,2,201.2578616
2002,3,207.7922078
2003,1,167.539267
2003,2,179.7752809
2003,3,167.539267
2004,1,157.635468
2004,2,142.2222222
2004,3,150.9433962
2005,1,237.037037
2005,2,213.3333333
2005,3,217.6870748
2006,1,209.1503268
2006,2,181.8181818
2006,3,237.037037
2007,1,216.2162162
2007,2,207.7922078
2007,3,189.3491124
2008,1,197.5308642
2008,2,178.7709497
2008,3,195.1219512
2009,1,171.1229947
2009,2,187.1345029
2009,3,153.1100478
2010,1,202.5316456
2010,2,211.9205298
2010,3,213.3333333
2011,1,156.8627451
2011,2,201.2578616
2012,1,184.9710983
2012,2,190.4761905
2012,3,172.0430108
2013,1,231.884058
2013,2,231.884058
2013,3,266.6666667
2014,1,197.5308642
2014,2,216.2162162
2014,3,182.8571429
2015,1,195.1219512
2015,2,180.7909605
2015,3,192.7710843
2016,1,176.7955801
2016,2,179.7752809
2016,3,187.1345029
2017,1,173.9130435
2017,2,182.8571429
2017,3,198.757764
2018,1,200
2018,2,188.2352941
2018,3,223.7762238
2019,1,209.1503268
2019,2,166.6666667
2019,3,170.212766
2020,1,266.6666667
2020,2,253.968254
2020,3,240.6015038
2021,1,178.7709497
2021,2,164.9484536
2021,3,210.5263158
2022,1,230.2158273
2022,2,205.1282051
2022,3,248.0620155
2023,1,211.9205298
2023,2,217.6870748
2023,3,202.5316456
2024,1,196.3190184
2024,2,220.6896552
2024,3,190.4761905
2025,1,228.5714286
2025,2,197.5308642
2025,3,211.9205298
2026,1,213.3333333
2026,2,220.6896552
2026,3,226.9503546
2027,1,193.9393939
2027,2,231.884058
2027,3,220.6896552
2028,1,205.1282051
2028,2,195.1219512
2028,3,191.6167665
2029,1,210.5263158
2029,2,202.5316456
2029,3,206.4516129
2030,1,201.2578616
2030,2,231.884058
2030,3,201.2578616
2031,1,197.5308642
2031,2,217.6870748
2031,3,184.9710983
2032,1,171.1229947
2032,2,169.3121693
2032,3,152.3809524
2033,1,216.2162162
2033,2,189.3491124
2033,3,228.5714286
2034,1,181.8181818
2034,2,202.5316456
2034,3,181.8181818
2035,1,196.3190184
2035,2,206.4516129
2035,3,169.3121693
2036,1,226.9503546
2036,2,226.9503546
2036,3,201.2578616
2037,1,233.5766423
2037,2,230.2158273
2037,3,237.037037
2038,1,192.7710843
2038,2,197.5308642
2038,3,190.4761905
2039,1,155.3398058
2039,2,188.2352941
2039,3,205.1282051
2040,1,201.2578616
2040,2,205.1282051
2040,3,190.4761905
2041,1,206.4516129
2041,2,220.6896552
2041,3,192.7710843
2042,1,192.7710843
2042,2,198.757764
2042,3,162.4365482
2043,1,253.968254
2043,2,240.6015038
2043,3,238.8059701
2044,1,202.5316456
2044,2,182.8571429
2044,3,186.0465116
2045,1,191.6167665
2045,2,189.3491124
2045,3,210.5263158
2047,1,214.7651007
2047,2,206.4516129
2047,3,210.5263158
2048,1,220.6896552
2048,2,222.2222222
2048,3,219.1780822
2049,1,207.7922078
2049,2,190.4761905
2049,3,176.7955801
2050,1,266.6666667
2050,2,179.7752809
2050,3,162.4365482
2051,1,173.9130435
2051,2,174.863388
2051,3,153.1100478
2052,1,214.7651007
2052,2,237.037037
2052,3,244.2748092
2053,1,186.0465116
2053,2,181.8181818
2053,3,195.1219512
2054,1,170.212766
2054,2,174.863388
2054,3,184.9710983
2055,1,211.9205298
2055,2,171.1229947
2055,3,186.0465116
2056,1,230.2158273
2056,2,223.7762238
2056,3,251.9685039
2057,1,161.6161616
2057,2,192.7710843
2057,3,222.2222222
2058,1,196.3190184
2058,2,207.7922078
2058,3,198.757764
2059,1,201.2578616
2059,2,175.8241758
2059,3,196.3190184
2060,1,172.0430108
2060,2,207.7922078
2060,3,190.4761905
2061,1,211.9205298
2061,2,177.7777778
2061,3,164.1025641
2062,1,210.5263158
2062,2,193.9393939
2062,3,193.9393939
2063,1,196.3190184
2063,2,211.9205298
2063,3,190.4761905
2064,1,176.7955801
2064,2,195.1219512
2064,3,219.1780822
2065,1,201.2578616
2065,2,205.1282051
2065,3,192.7710843
2066,1,228.5714286
2066,2,222.2222222
2066,3,244.2748092
2067,1,173.9130435
2067,2,231.884058
2067,3,200
2068,1,150.2347418
2068,2,183.908046
2068,3,167.539267
2070,1,176.7955801
2070,2,175.8241758
2070,3,197.5308642
2071,1,216.2162162
2071,2,228.5714286
2071,3,190.4761905
2072,1,191.6167665
2072,2,231.884058
2072,3,173.9130435
2073,1,209.1503268
2073,2,207.7922078
2073,3,207.7922078
2074,1,170.212766
2074,2,179.7752809
2074,3,175.8241758
2075,1,176.7955801
2075,2,191.6167665
2075,3,186.0465116
2076,1,235.2941176
2076,2,230.2158273
2076,3,251.9685039
2077,1,244.2748092
2077,2,248.0620155
2077,3,228.5714286
2078,1,222.2222222
2078,2,214.7651007
2078,3,210.5263158
2079,1,205.1282051
2079,2,242.4242424
2079,3,217.6870748
2080,1,184.9710983
2080,2,193.9393939
2080,3,200
2081,1,207.7922078
2081,2,201.2578616
2081,3,235.2941176
2082,1,168.4210526
2082,2,153.8461538
2082,3,151.6587678
2083,1,164.9484536
2083,2,192.7710843
2083,3,207.7922078
2084,1,152.3809524
2084,2,160
2084,3,161.6161616
2085,1,150.9433962
2085,2,207.7922078
2085,3,201.2578616
2086,1,220.6896552
2086,2,145.4545455
2086,3,152.3809524
2087,1,264.4628099
2087,2,301.8867925
2087,3,256
2088,1,186.0465116
2088,2,203.8216561
2088,3,188.2352941
2089,1,169.3121693
2089,2,153.8461538
2089,3,168.4210526
2090,1,235.2941176
2090,2,214.7651007
2090,3,210.5263158
2091,1,207.7922078
2091,2,207.7922078
2091,3,244.2748092
2092,1,230.2158273
2092,2,237.037037
2092,3,233.5766423
2093,1,162.4365482
2093,2,188.2352941
2093,3,181.8181818
2094,1,251.9685039
2094,2,193.9393939
2094,3,228.5714286
2095,1,201.2578616
2095,2,251.9685039
2095,3,209.1503268
2096,1,200
2096,2,211.9205298
2096,3,200
2097,1,214.7651007
2097,2,228.5714286
2097,3,193.9393939
2098,1,206.4516129
2098,2,268.907563
2098,3,211.9205298
2099,1,228.5714286
2099,2,207.7922078
2099,3,230.2158273
2100,1,164.9484536
2100,2,217.6870748
2100,3,201.2578616
2101,1,209.1503268
2101,2,240.6015038
2101,3,184.9710983
2102,1,210.5263158
2102,2,198.757764
2102,3,185.5072464
2103,2,172.0430108
2103,3,164.1025641
2104,1,219.1780822
2104,2,220.6896552
2104,3,219.1780822
2105,1,168.4210526
2105,2,188.2352941
2105,3,172.0430108
2106,1,230.2158273
2106,2,280.7017544
2106,3,268.907563
2107,1,222.2222222
2107,2,231.884058
2107,3,246.1538462
2108,1,181.8181818
2108,2,171.1229947
2108,3,179.7752809
2109,1,205.1282051
2109,2,228.5714286
2109,3,214.7651007
2110,1,213.3333333
2110,2,225.3521127
2110,3,200
2111,1,217.6870748
2111,2,206.4516129
2111,3,184.9710983
2112,1,198.757764
2112,2,165.8031088
2112,3,160
2113,1,190.4761905
2113,2,179.7752809
2113,3,186.0465116
2114,1,248.0620155
2114,2,248.0620155
2114,3,197.5308642
2115,1,189.3491124
2115,2,223.7762238
2115,3,182.8571429
2116,1,192.7710843
2116,2,180.7909605
2116,3,182.8571429
2117,1,196.3190184
2117,2,189.3491124
2117,3,205.1282051
2118,1,172.0430108
2118,2,182.8571429
2118,3,203.8216561
2119,1,198.757764
2119,2,203.8216561
2119,3,190.4761905
2120,1,210.5263158
2120,2,214.7651007
2120,3,163.2653061
2121,1,251.9685039
2121,2,193.9393939
2121,3,178.7709497
2122,1,198.757764
2122,2,213.3333333
2122,3,205.1282051
2123,1,211.9205298
2123,2,206.4516129
2123,3,226.9503546
2124,1,210.5263158
2124,2,220.6896552
2124,3,228.5714286
2125,1,186.0465116
2125,2,174.863388
2125,3,163.2653061
2126,1,201.2578616
2126,2,262.295082
2126,3,222.2222222
2127,1,172.972973
2127,2,175.8241758
2127,3,177.7777778
2128,1,167.539267
2128,2,193.9393939
2128,3,193.9393939
2129,1,192.7710843
2129,2,188.2352941
2129,3,187.1345029
2130,1,225.3521127
2130,2,209.1503268
2130,3,242.4242424
2131,1,202.5316456
2131,2,288.2882883
2131,3,290.9090909
2132,1,187.1345029
2132,2,195.1219512
2132,3,169.3121693
2133,1,228.5714286
2133,2,209.1503268
2133,3,213.3333333
2134,1,193.9393939
2134,2,209.1503268
2134,3,198.757764
2135,1,190.4761905
2135,2,172.972973
2135,3,172.0430108
2136,1,213.3333333
2136,2,196.3190184
2136,3,201.2578616
2137,1,144.1441441
2137,2,197.5308642
2138,1,170.212766
2138,2,196.3190184
2138,3,171.1229947
2139,1,195.1219512
2139,2,168.4210526
2139,3,166.6666667
2140,1,160.8040201
2140,2,154.589372
2140,3,136.7521368
2141,1,230.2158273
2141,2,217.6870748
2141,3,202.5316456
2142,1,253.968254
2142,2,211.9205298
2142,3,213.3333333
2143,1,171.1229947
2143,2,184.9710983
2143,3,182.8571429
2144,1,201.2578616
2144,2,210.5263158
2144,3,192.7710843
2145,1,179.7752809
2145,2,148.1481481
2145,3,175.8241758
2146,1,207.7922078
2146,2,237.037037
2146,3,182.8571429
2147,1,195.1219512
2147,2,211.9205298
2147,3,189.3491124
2148,1,235.2941176
2148,2,197.5308642
2149,1,172.0430108
2149,2,196.3190184
2149,3,177.7777778
2150,1,166.6666667
2150,2,150.9433962
2150,3,169.3121693
2151,1,179.7752809
2151,2,174.863388
2151,3,210.5263158
2152,1,196.3190184
2152,2,184.9710983
2152,3,237.037037
2153,1,170.212766
2153,2,175.8241758
2153,3,198.757764
2154,1,214.7651007
2154,2,225.3521127
2154,3,219.1780822
2155,1,214.7651007
2155,2,207.7922078
2155,3,210.5263158
2156,1,160
2156,2,163.2653061
2156,3,174.863388
2157,1,283.1858407
2157,2,206.4516129
2157,3,186.0465116
2158,1,165.8031088
2158,2,178.7709497
2159,1,178.7709497
2159,2,183.908046
2159,3,268.907563
2160,1,278.2608696
2160,2,253.968254
2160,3,262.295082
2161,1,214.7651007
2161,2,207.7922078
2161,3,219.1780822
2162,1,210.5263158
2162,2,206.4516129
2162,3,205.1282051
2163,1,202.5316456
2163,2,178.7709497
2163,3,210.5263158
2164,1,155.3398058
2164,2,182.8571429
2164,3,155.3398058
2165,1,153.8461538
2165,2,158.4158416
2165,3,157.635468
2166,1,161.6161616
2166,2,192.7710843
2166,3,200
2167,1,275.862069
2167,2,209.1503268
2167,3,242.4242424
2168,1,177.7777778
2168,2,174.863388
2168,3,167.539267
2169,1,202.5316456
2169,2,190.4761905
2169,3,193.9393939
2170,1,202.5316456
2170,2,181.8181818
2170,3,223.7762238
2171,1,174.863388
2171,2,170.212766
2171,3,188.2352941
2172,1,192.7710843
2172,2,197.5308642
2172,3,184.9710983
2173,1,193.9393939
2173,2,189.3491124
2173,3,244.2748092
2174,1,201.2578616
2174,2,214.7651007
2174,3,171.1229947
2175,1,216.2162162
2175,2,225.3521127
2175,3,210.5263158
2176,1,246.1538462
2176,2,213.3333333
2176,3,220.6896552
2177,1,202.5316456
2177,2,216.2162162
2177,3,190.4761905
2178,1,214.7651007
2178,2,219.1780822
2178,3,219.1780822
2179,1,187.1345029
2179,2,163.2653061
2179,3,163.2653061
2180,1,288.2882883
2180,2,242.4242424
2180,3,210.5263158
2181,1,182.8571429
2181,2,181.8181818
2181,3,213.3333333
2182,1,235.2941176
2182,2,210.5263158
2182,3,201.2578616
2183,1,217.6870748
2183,2,192.7710843
2183,3,196.3190184
2184,1,244.2748092
2184,2,201.2578616
2184,3,213.3333333
2185,1,191.6167665
2185,2,213.3333333
2185,3,189.3491124
2186,1,187.1345029
2186,2,164.9484536
2186,3,162.4365482
2187,1,266.6666667
2187,2,253.968254
2187,3,266.6666667
2188,1,230.2158273
2188,2,237.037037
2188,3,179.7752809
2189,1,258.0645161
2189,2,238.8059701
2189,3,258.0645161
2190,1,250
2190,2,222.2222222
2190,3,187.1345029
2191,1,210.5263158
2191,2,177.7777778
2191,3,222.2222222
2192,1,220.6896552
2192,2,190.4761905
2192,3,207.7922078
2194,1,182.8571429
2194,2,198.757764
2194,3,191.6167665
2195,1,193.9393939
2195,2,213.3333333
2195,3,213.3333333
2196,1,197.5308642
2196,2,171.1229947
2196,3,202.5316456
2197,1,167.539267
2197,2,198.757764
2197,3,168.4210526
2198,1,158.4158416
2198,2,172.972973
2198,3,176.7955801
2199,1,188.2352941
2199,2,214.7651007
2199,3,197.5308642
2200,1,203.8216561
2200,2,216.2162162
2200,3,195.1219512
2201,1,171.1229947
2201,2,190.4761905
2201,3,173.9130435
2202,1,193.9393939
2202,2,205.1282051
2202,3,189.3491124
2203,1,206.4516129
2203,2,192.7710843
2203,3,205.1282051
2204,1,214.7651007
2204,2,190.4761905
2204,3,151.6587678
2205,1,171.1229947
2205,2,203.8216561
2205,3,171.1229947
2206,1,178.7709497
2206,2,207.7922078
2206,3,201.2578616
2207,1,213.3333333
2207,2,200
2207,3,216.2162162
2208,1,196.3190184
2208,2,164.9484536
2208,3,205.1282051
2210,1,197.5308642
2210,2,207.7922078
2210,3,179.7752809
2211,1,214.7651007
2211,2,211.9205298
2211,3,181.8181818
2212,1,198.757764
2212,2,183.908046
2212,3,189.3491124
2213,1,211.9205298
2213,2,162.4365482
2213,3,192.7710843
2214,1,278.2608696
2214,2,184.9710983
2214,3,217.6870748
2215,1,207.7922078
2215,2,206.4516129
2215,3,167.539267
2216,1,189.3491124
2216,2,177.7777778
2216,3,166.6666667
2217,1,198.757764
2217,2,192.7710843
2217,3,195.1219512
2218,1,193.9393939
2218,2,205.1282051
2218,3,225.3521127
2219,1,195.1219512
2219,2,213.3333333
2219,3,216.2162162
2220,1,152.3809524
2220,2,179.7752809
2220,3,190.4761905
2221,1,159.2039801
2221,2,174.863388
2221,3,187.1345029
2222,1,177.7777778
2222,2,169.3121693
2222,3,165.8031088
2223,1,209.1503268
2223,2,223.7762238
2223,3,242.4242424
2224,1,180.7909605
2224,2,240.6015038
2224,3,223.7762238
2225,1,256
2225,2,175.8241758
2225,3,170.212766
2226,1,253.968254
2226,2,250
2226,3,238.8059701
2227,1,195.1219512
2227,2,189.3491124
2227,3,197.5308642
2228,1,235.2941176
2228,2,183.908046
2228,3,183.908046
2229,1,216.2162162
2229,2,200
2229,3,195.1219512
2230,1,189.3491124
2230,2,235.2941176
2230,3,207.7922078
2231,1,191.6167665
2231,2,217.6870748
2231,3,207.7922078
2232,1,201.2578616
2232,2,217.6870748
2232,3,231.884058
2233,1,283.1858407
2233,2,283.1858407
2233,3,244.2748092
2234,1,195.1219512
2234,2,240.6015038
2234,3,198.757764
2235,1,172.972973
2235,2,186.0465116
2235,3,183.908046
2236,1,198.757764
2236,2,211.9205298
2236,3,203.8216561
2237,1,231.884058
2237,2,153.1100478
2237,3,275.862069
2238,1,184.9710983
2238,2,187.1345029
2238,3,174.863388
2239,1,228.5714286
2239,2,262.295082
2239,3,220.6896552
2240,1,210.5263158
2240,2,220.6896552
2240,3,250
2241,1,183.908046
2241,2,191.6167665
2241,3,203.8216561
2242,1,198.757764
2242,2,203.8216561
2242,3,216.2162162
2243,1,183.908046
2243,2,186.0465116
2243,3,209.1503268
2244,1,209.1503268
2244,2,244.2748092
2244,3,222.2222222
2245,1,207.7922078
2245,2,264.4628099
2245,3,203.8216561
2246,1,191.6167665
2246,2,203.8216561
2247,1,214.7651007
2247,2,201.2578616
2247,3,225.3521127
2248,1,175.8241758
2248,2,198.757764
2248,3,181.8181818
2249,1,210.5263158
2249,2,202.5316456
2249,3,206.4516129
2250,1,213.3333333
2250,2,266.6666667
2250,3,244.2748092
2251,1,162.0253165
2251,2,151.6587678
2251,3,191.6167665
2252,1,205.1282051
2252,2,217.6870748
2252,3,209.1503268
2253,1,182.8571429
2253,2,197.5308642
2253,3,184.9710983
2254,1,160.8040201
2254,2,205.1282051
2254,3,183.908046
2255,1,182.8571429
2255,2,190.4761905
2255,3,184.9710983
2256,1,231.884058
2256,2,205.1282051
2256,3,193.9393939
2257,1,178.7709497
2257,2,175.8241758
2257,3,180.7909605
2258,1,198.757764
2258,2,205.1282051
2258,3,196.3190184
2259,1,237.037037
2259,2,240.6015038
2259,3,240.6015038
2260,1,203.8216561
2260,2,186.0465116
2260,3,228.5714286
2261,1,188.2352941
2261,2,189.3491124
2261,3,163.2653061
2262,1,206.4516129
2262,2,197.5308642
2262,3,207.7922078
2263,1,203.8216561
2263,2,230.2158273
2263,3,177.7777778
2264,1,177.7777778
2264,2,203.8216561
2264,3,210.5263158
2265,1,170.212766
2265,2,195.1219512
2265,3,190.4761905
2266,1,190.4761905
2266,2,166.6666667
2266,3,189.3491124
2267,1,202.5316456
2267,2,174.863388
2267,3,196.3190184
2268,1,219.1780822
2268,2,190.4761905
2268,3,213.3333333
2269,1,201.2578616
2269,2,176.7955801
2269,3,278.2608696
2270,1,156.8627451
2270,2,158.4158416
2270,3,155.3398058
2271,1,177.7777778
2271,2,165.8031088
2271,3,181.8181818
2272,1,213.3333333
2272,2,235.2941176
2272,3,206.4516129
2273,1,184.9710983
2273,2,213.3333333
2273,3,186.0465116
2274,1,192.7710843
2274,2,195.1219512
2274,3,207.7922078
2275,1,172.0430108
2275,2,203.8216561
2275,3,187.1345029
2276,1,201.2578616
2276,2,209.1503268
2276,3,181.8181818
2277,1,172.972973
2277,2,181.8181818
2277,3,175.8241758
2278,1,189.3491124
2278,2,190.4761905
2278,3,178.7709497
2279,1,216.2162162
2279,2,220.6896552
2279,3,235.2941176
2280,1,211.9205298
2280,2,225.3521127
2280,3,202.5316456
2281,1,203.8216561
2281,2,198.757764
2281,3,190.4761905
2282,1,178.7709497
2282,2,210.5263158
2282,3,201.2578616
2283,1,230.2158273
2283,2,211.9205298
2283,3,206.4516129
2284,1,206.4516129
2284,2,222.2222222
2284,3,238.8059701
2285,1,205.1282051
2285,2,184.9710983
2285,3,178.7709497
2286,1,237.037037
2286,2,237.037037
2286,3,203.8216561
2287,1,220.6896552
2287,2,251.9685039
2287,3,192.7710843
2288,1,201.2578616
2288,2,171.1229947
2288,3,189.3491124
2289,1,193.9393939
2289,2,166.6666667
2289,3,219.1780822
2290,1,195.1219512
2290,2,202.5316456
2290,3,203.8216561
2291,1,198.757764
2291,2,201.2578616
2291,3,198.757764
2292,1,174.863388
2292,2,192.7710843
2292,3,242.4242424
2293,1,205.1282051
2293,2,180.7909605
2293,3,189.3491124
2294,1,246.1538462
2294,2,214.7651007
2294,3,233.5766423
2295,1,166.6666667
2295,2,211.9205298
2295,3,189.3491124
2296,1,196.3190184
2296,2,193.9393939
2296,3,202.5316456
2297,1,217.6870748
2297,2,275.862069
2297,3,196.3190184
2298,1,167.539267
2298,2,166.6666667
2298,3,159.2039801
2299,1,206.4516129
2299,2,175.3424658
2299,3,178.7709497
2300,1,187.1345029
2300,2,196.3190184
2300,3,198.757764
2301,1,217.6870748
2301,2,235.2941176
2301,3,230.2158273
2302,1,176.7955801
2302,2,162.4365482
2302,3,174.863388
2303,1,222.2222222
2303,2,220.6896552
2303,3,273.5042735
2304,1,209.1503268
2304,2,246.1538462
2304,3,242.4242424
2305,1,158.4158416
2305,2,213.3333333
2305,3,193.9393939
2306,1,202.5316456
2306,2,313.7254902
2306,3,240.6015038
2307,1,192.7710843
2307,2,175.8241758
2307,3,216.2162162
2308,1,203.8216561
2308,2,172.0430108
2308,3,216.2162162
2309,1,183.908046
2309,2,166.6666667
2309,3,187.1345029
2310,1,188.2352941
2310,2,202.5316456
2310,3,176.7955801
2311,1,186.0465116
2311,2,200
2311,3,219.1780822
2312,1,176.7955801
2312,2,201.2578616
2312,3,248.0620155
2313,1,173.9130435
2313,2,181.8181818
2313,3,154.589372
2314,1,240.6015038
2314,2,240.6015038
2314,3,219.1780822
2315,1,244.2748092
2315,2,203.8216561
2315,3,233.5766423
2316,1,226.9503546
2316,2,207.7922078
2316,3,205.1282051
2317,1,206.4516129
2317,1,210.5263158
2317,2,217.6870748
2317,3,222.2222222
2318,1,187.1345029
2318,2,225.3521127
2318,3,222.2222222
2319,1,233.5766423
2319,2,210.5263158
2319,3,147.4654378
2320,1,167.539267
2320,2,197.5308642
2320,3,258.0645161