"Plot","Repeat","Vcmax","Jmax","TPU","asat","gs","iWUE","a400","sl"
"1001","1",72.2525811245625,128.822606016226,9.82641567361649,11.2996746392609,0.097048926659124,116.432762610039,21.846672201553,0.482773644653413
"1001","2",105.044376725117,191.490335034868,13.0214110490801,26.6318182130862,0.437074535187456,60.9319831494282,32.8875758568757,0.190216441339856
"1001","3",52.4464508266345,116.427744964057,NA,9.08617093465228,0.0935001226960517,97.178171243576,17.9528667892151,0.493887464251077
"1003","1",127.003456722682,261.470365231379,17.9994823153607,28.9228477190007,0.346014326963668,83.5885842439052,42.4273041924392,0.31829635963166
"1003","2",102.418975970987,200.915958141262,13.5416380454555,24.3892102477751,0.34017785045967,71.6954681641348,33.5806571967976,0.273712539190539
"1003","3",118.103211373275,188.959907519991,NA,24.081688832712,0.255703604305521,94.1781360419878,31.3463504970413,0.231754623716563
"1004","1",124.987557472878,225.586402695487,14.5160818192759,27.2960911684639,0.329437418663562,82.8566811845378,37.5222894946892,0.272536629932261
"1004","2",77.1877250276897,139.253494657101,9.77633460093877,17.735112898387,0.228941943355077,77.4655471098225,24.7738382099692,0.284119289547541
"1006","1",96.1824363842229,141.965296576175,10.2571712846086,18.0613311917309,0.177407632604506,101.806956817889,24.481923373525,0.262258486959296
"1006","2",95.5494761776794,179.68419366655,NA,23.2003890159256,0.285979049420472,81.1261841136285,31.6097737726563,0.266037486291822
"1006","3",111.495077837455,191.386998441882,12.8666932599848,22.5944040484457,0.234941834087008,96.1702037282902,33.0717170601686,0.316805837225238
"1007","1",70.4724669241335,160.489511482222,NA,16.6389437589158,0.204601868510536,81.3235181088237,25.2614165677637,0.341329742364928
"1007","2",92.736310865042,164.699885207799,11.7271788435986,18.2121973431519,0.188827951508628,96.4486306060454,28.0088577994718,0.349770080824383
"1007","3",65.5519858242019,119.421758304094,NA,13.9975620994159,0.17532183099813,79.8392420369211,20.4620781898027,0.315926663480759
"1015","2",113.016348496375,183.310246043031,13.038123965641,22.398414861685,0.231283306710021,96.8440618577275,31.1171763453309,0.280191280432621
"1015","3",118.940795305263,230.285835981529,15.8795695666936,27.6244104782786,0.35702950240556,77.3729069787044,39.0684634027875,0.292923036325315
"1017","1",97.1838995024209,143.132312821142,9.18221112699059,19.3340647079759,0.202214623523163,95.6116049923621,25.5267860954834,0.242596986723811
"1017","2",84.3733463216642,158.135418035421,11.1827988283873,18.467309973411,0.202996402603724,90.9735824701368,28.1692997044903,0.344417143232451
"1017","3",73.2716681859973,127.259740345332,9.1023075769978,17.1025302773076,0.219603046801905,77.8792941462925,22.8823145496818,0.252587397128259
"1018","1",99.100968404765,177.923402852499,13.0390202878647,23.9575211014525,0.313381772002399,76.4483554623243,31.0589857990499,0.228644449099
"1018","2",127.928418043708,219.194156143997,14.4428265378083,30.7449452963453,0.476709013712133,64.4941555791748,35.5622600930625,0.135461435356213
"1018","3",116.472791582568,191.530109943886,13.4087372951268,26.6118824017106,0.387315998374321,68.7084512734007,31.0434878634547,0.142754753629378
"1020","1",123.48401789204,246.280146895311,14.6827049814588,27.9237100425475,0.330480690455371,84.494225680996,40.8114894477579,0.315788019001557
"1020","2",94.2494033234125,147.461023494668,9.84665668818048,22.6467402638171,0.300149804876616,75.4514575584236,26.2656929629944,0.137782494612877
"1020","3",97.753520405539,146.93344503644,9.86798050262476,19.0040713143344,0.19431696559154,97.7993416914584,25.7266467659599,0.261307877112087
"1025","1",68.6829637873835,158.940187494392,12.0405204364373,14.22513701,0.143235046,99.3132435619143,23.812004793244,0.402606494769562
"1026","1",100.898332005899,163.547257774134,11.8719977246572,18.9964153503064,0.193199874174934,98.3251952488643,28.1263552370731,0.324604443405901
"1026","2",126.762544849777,218.934034261244,13.3114230877096,25.1443372616785,0.286413376401764,87.7903734021399,36.2310225629032,0.305999790151559
"1026","3",55.1802997613493,868399.820510897,10.6821294649194,23.65585662946,0.271418996846306,87.1562304198455,26.2246333732023,0.0979528181456744
"1028","1",83.8349645355964,151.152004628758,NA,15.8733393147718,0.149738245609713,106.007247848656,27.1114054194938,0.414514331914403
"1028","3",89.9071838451425,164.643864394273,11.8647882858132,22.4749689660852,0.288012704701248,78.0346443029247,29.2465076855088,0.231533241241615
"1030","1",128.686036948704,218.737045339928,14.4882785280373,31.2026666182428,0.380725314052579,81.9558497072606,38.216756874464,0.183534418665127
"1030","2",89.9586674229177,177.545104383591,13.5441322470235,22.3556941058574,0.364299737213135,61.3662098053564,30.5719761287078,0.26875207504611
"1030","3",107.015186526974,157.66478871946,9.88159284078597,18.2260898702446,0.150995643628844,120.706064309017,27.4975486642244,0.337174011661717
"1032","1",66.921576951193,115.622293573448,7.78030207826979,16.0348638266826,0.256000848884509,62.6359791248839,20.2645361902739,0.20872288039937
"1032","2",100.702714182363,185.311530375486,13.0962276558846,24.4242691334459,0.363568628635184,67.1792536807514,31.6720216789734,0.228837698426405
"1032","3",110.412416628812,268.095626755356,NA,24.8745003680707,0.243588284175255,102.116981743564,40.8461883287417,0.391020279104779
"1035","1",112.673688888647,208.333234161568,15.2861582067963,25.5058693342253,0.323698794263957,78.7950705600306,35.7168456785806,0.285886845558671
"1035","2",68.376239091274,117.398054391299,9.32882935538646,14.4272523547211,0.154269641721225,93.5197112909099,21.7655701916107,0.337152565831613
"1035","3",114.807518763236,190.85430369227,14.1097458710303,28.6158946297965,0.448330183135193,63.8277227504163,33.6532498906554,0.149684065498163
"1042","1",112.640399283944,204.9822065652,NA,22.7959839832235,0.232574553182775,98.0158133005577,35.0954740064793,0.350458011223474
"1042","2",47.58585764528,109.814651885866,NA,10.1148725407021,0.0785694007652465,128.738063956016,20.0509099423348,0.495540473235783
"1042","3",139.956857331104,273.479207815301,16.4229433256009,32.3372048159394,0.479662748503004,67.4165440548839,41.5330557037107,0.221410409900316
"1043","1",93.9929648382743,181.421948728968,11.3476346992307,15.7858566105317,0.117564095934915,134.274469471283,31.8862339391406,0.504931920130135
"1043","3",148.825889281862,290.680003000993,17.6060186456375,34.1918795934763,0.43078684457377,79.3707607930937,46.5147831082083,0.264924453932526
"1044","1",131.026336814104,233.57504091871,15.6162039762779,30.8226481195075,0.382308374113588,80.6224770539548,38.3929026236048,0.197178488386627
"1044","3",106.243380275925,181.823712131286,NA,24.8432122278526,0.311971197221803,79.6330316679515,31.7118035958239,0.216594157037345
"1045","1",100.223922496101,197.143213363001,13.6951718451896,24.9457963500189,0.381074211793577,65.4617803514127,34.1540161480521,0.269608697206123
"1045","2",109.627702394353,189.016881545564,12.3288661148477,24.4343844483293,0.304984304795138,80.1168586847189,32.5275366960144,0.248809257316945
"1045","3",92.936166930828,158.015830544525,8.6796813125124,21.7727769748255,0.297460267102396,73.195580663318,25.2930909692525,0.139180853724303
"1048","1",110.170384916433,199.734210889668,13.0020721563375,26.2140288334951,0.366740317987566,71.478448231001,33.281909685595,0.212364041572982
"1048","3",107.49465589982,879506.772676212,12.2276321633719,22.5675588440335,0.266268838094545,84.7547877007687,35.3447520847165,0.361501849271933
"1049","1",94.3998286966656,178.8689785969,12.5647997305558,21.9935972967575,0.300729374804343,73.1341835531255,30.5354765808395,0.279736236029206
"1049","2",88.4142978667663,160.710684685665,11.1562239679592,23.1862279032019,0.436489239197517,53.119815612934,27.6074402919949,0.160145683266223
"1049","3",115.148267154554,235.630345470656,16.2340368835545,30.4616406947562,0.521668645587157,58.3926999493529,39.0607672047662,0.220147404297802
"1066","1",87.5438259365587,206.125408821317,NA,16.521909719454,0.176987822913232,93.3505449555917,30.3501763367285,0.455623929951936
"1066","2",51.8238528211357,165.985744849085,NA,9.6288754872114,0.106893351269536,90.0792740881682,18.3500025856784,0.475265714963634
"1066","3",108.045130857818,215.747376630424,14.9206460146767,24.1930904456358,0.31718121919997,76.2752930537889,35.4392452796986,0.317336183242738
"1067","1",125.687284321089,189.205727817605,12.4054522346461,24.2131156829521,0.229427481067362,105.537120358493,32.3936880165774,0.252535998045017
"1067","3",73.3258923980977,154.995473469752,NA,14.1290615380176,0.141128892067139,100.114592632783,25.5530052997814,0.447068500465637
"1070","1",40.4415772961761,62.503880685435,NA,5.70674028275686,0.0457007912216416,124.871804846443,10.4979524913469,0.456394922013534
"1070","2",21.3914875877852,38.1114932077914,2.65932766730253,4.82792381073037,0.0543471578283286,88.8348904275874,6.87577426097737,0.297835614218653
"1070","3",84.3477969232594,161.378701914754,11.3001057677459,21.6369669953985,0.338332280807968,63.9518255359124,28.4061015636203,0.238298611763432
"1071","2",111.429678436958,183.277534330169,12.2060381726828,26.7236061368101,0.384800424103628,69.4479643546685,31.7361618607567,0.157944610502661
"1071","3",114.044253126753,211.805873344018,13.9580160819072,29.7275080486559,0.533520362318958,55.7195379000056,35.8360270812411,0.170457484551428
"1072","1",127.336109756051,233.15381809774,15.2903453244703,30.6218198954921,0.462918754172333,66.1494476503587,37.2300644950777,0.177497532953759
"1072","2",116.615791264347,206.38102071607,13.87251635229,29.3753551781573,0.477619482064881,61.5036787259168,35.0861589143606,0.162765144800903
"1072","3",110.357811094469,184.359930496611,11.9898529935312,25.2854942656841,0.346364666756227,73.0025221755085,31.5971503210175,0.199753964873697
"1078","1",61.9326353176926,116.618461492737,9.42588607214599,14.7850908783793,0.182758115303181,80.8997775767828,20.5591144675492,0.280849819591387
"1078","2",94.3198889675618,177.610382814473,13.1179869149851,23.0855648964277,0.265132141004254,87.0719212276014,31.4046258734852,0.26489922250853
"1078","3",80.0382889638748,189.602521334409,14.1873670944201,14.5662395226554,0.14929316273231,97.5680282744989,27.6001284026602,0.472240153735971
"1089","1",117.739979171342,213.664006138246,NA,24.0500412604489,0.249457155886021,96.4095063740629,36.1223469653388,0.334206017025246
"1089","2",119.149976652235,204.79112438246,13.3186589209279,27.6864997933569,0.364231432591731,76.0134829560162,34.8010713259724,0.204435417116192
"1089","3",111.079291866752,902998.698354138,11.4849652928034,26.5278579220109,0.408896014362431,64.8767828255169,33.1539901048911,0.199859267675376
"1090","1",68.2191120060608,125.453234965701,8.70229970556942,15.8016161039239,0.219300318410623,72.0546883764051,22.3568900359333,0.293210456439757
"1090","2",87.91681636715,153.492999331884,10.4019582409315,20.3879920406831,0.244084775579283,83.5283232733243,26.9699124397216,0.244046784124688
"1090","3",115.256234001962,207.176027566359,14.5547038147813,26.3838742011086,0.353310729863445,74.6761192656276,33.8372910127014,0.220272267327638
"1093","1",35.170212850934,861840.009345889,6.52945462623263,7.75904027510388,0.0588495528974625,131.845356389079,13.8614791936293,0.44024442364925
"1093","2",73.181022279718,115.701858737745,7.2133018620236,13.3798156669046,0.124015033221995,107.888659296279,20.3299637342464,0.341867214235807
"1093","3",44.2834048126955,83.7384598715711,6.1527118444422,9.55628504836922,0.105005408272468,91.0075509974932,15.3270035365522,0.376506632520884
"1097","1",74.1774409633615,120.351176640501,8.84294888279616,13.6530469173333,0.123373875944178,110.664002511446,22.1280383758705,0.382997865178089
"1097","2",68.0310750602126,110.088794229232,8.45492304990277,14.8896415079405,0.157117948181344,94.7672858530143,20.6527895332854,0.279049375681508
"1097","3",83.5979362546629,108.306175750723,7.06248584805772,12.1633986364925,0.0903269200509576,134.659729675611,19.7914392310293,0.385421216996563
"1104","1",89.8847678341776,164.686625492295,NA,17.33197704844,0.178364480315831,97.1716847308958,27.5583248297727,0.371080167045738
"1104","2",68.5052332728008,109.113084538052,8.75781120159989,15.1705476962032,0.163471456436341,92.8024257379206,20.2502476546188,0.25084631284778
"1104","3",98.9981231173068,141.717375994548,NA,15.4850138651676,0.1224235540976,126.487210564255,24.7074209699575,0.373264660686508
"1107","1",88.6808041798148,172.783761998643,12.7439991057393,20.72106413,0.251830435,82.2818104968131,30.4785448368991,0.320142603891184
"1107","2",30.3042660151034,85.868512406869,NA,6.250398221,0.133879717,46.6866704013125,9.28693784780747,0.326968875701517
"1107","3",136.28539242468,264.827937669119,16.9214777150499,33.35682856,0.527521147,63.2331589922024,41.7406080323239,0.200854272794289
"1108","1",128.324684298649,217.704155573701,13.8827798791467,29.9875441131845,0.366816271980256,81.7508556839556,37.1916500487534,0.193702240318062
"1108","2",112.954793693004,899990.59118507,11.771057909906,26.6372421900007,0.380514931705108,70.0031456601133,33.8618857958046,0.213356209673916
"1108","3",117.009184311733,165.738370691111,11.010721721945,21.809914085041,0.223668442200639,97.5100191625452,28.3039417327398,0.229438984471449
"1109","1",98.9372361167323,172.379111319072,11.4465681645858,21.825755687056,0.266315031199808,81.9546519350644,29.6493596578112,0.263870925411165
"1109","2",104.833482504269,166.060056191848,11.5498854436356,27.1732603793684,0.444441169154805,61.1402864209089,28.6981407855299,0.0531351636176518
"1109","3",79.1437070246601,135.818711032706,10.4856673711879,17.0308048853339,0.196471479180043,86.6833443531376,23.4118866357922,0.272557348740227
"1111","3",135.864398076527,214.873381621533,14.5072144608315,32.9380103392086,0.68181167330369,48.3095429851015,35.5318158689228,0.072999520747344
"1113","1",45.4662455689768,81.2736030968188,5.59097015076024,9.17975248341791,0.0959294055128259,95.6927902799373,14.1883699338933,0.353008659473332
"1113","2",88.1983181491574,874731.075370059,10.2081558857643,21.148156648875,0.296448358702926,71.3384170565364,29.4313530559834,0.281441236879335
"1114","1",71.2512945578675,132.785913330077,9.41394924615257,14.7966052115062,0.170168759591713,86.9525361000911,22.4522593462356,0.340974777489953
"1114","2",74.3303380249626,132.735753468881,10.1096189861401,17.3045444277543,0.214132179291039,80.8124425065265,23.812194107236,0.273290636309072
"1114","3",70.4270984551015,157.985583113285,12.0618788799996,13.9263217004157,0.141304909217615,98.5551158662764,25.8028208886836,0.460279100471399
"1116","1",86.1911234899775,182.646798739836,NA,18.2269609556033,0.181109471544358,100.640572799303,31.4991447398792,0.421350607893578
"1116","2",121.569546988287,255.922933365147,16.4306492034994,30.0755536971463,0.435651098836775,69.0358724618176,42.2528999621008,0.288201431756805
"1116","3",105.278014060514,204.040524660244,14.2643921293934,22.7934163283966,0.249085147955096,91.5085323855025,35.3517476343657,0.355239334582742
"1120","1",76.6935319541307,126.15604295668,9.88093901899654,16.4070073561539,0.191191114546145,85.8146959135697,22.2086997437123,0.261235122024689
"1120","2",68.4312022486696,127.912879083447,NA,14.8866298691856,0.172097392406211,86.5011936615974,22.8206905453344,0.347669614133168
"1121","1",117.674892618213,204.323912537652,13.3844835128152,27.1882907219531,0.358812624614133,75.7729490460136,34.9578259794216,0.222254532133726
"1121","2",97.7286131657185,173.316196518333,11.5295094300977,20.7497742321025,0.245129074549735,84.648360339208,29.5404999600988,0.297582158049802
"1121","3",76.4576024435637,153.328721351675,NA,14.640095907084,0.128354209596227,114.060114998475,27.7261916980117,0.471975954485884
"1123","1",114.512894278383,885197.163509316,12.3442792815351,29.1068435203088,0.465381744435524,62.5440165376778,36.3155065063894,0.198500962249071
"1123","2",110.810912784698,192.668388510371,12.9096215805883,26.3760802465844,0.376525732015716,70.0512023584181,32.4094058686284,0.186159710748791
"1127","1",115.319046081216,236.250893400401,16.0384238226989,27.2913490507666,0.35982716501225,75.8457162338968,39.5363266928905,0.309714600884402
"1127","3",130.591450626238,247.972357333001,16.0379785217603,33.3724909535505,0.530927916832021,62.8569150265818,41.3714503191016,0.193344910653469
"1130","1",53.1378315693685,108.741794878268,NA,9.57375862565615,0.0860224078632391,111.293776394597,19.5517732395013,0.510338090137323
"1130","2",76.3767242791942,131.677754400723,9.72645025852768,14.6357084630892,0.145106110330512,100.86211000869,22.7373255521249,0.356313545780173
"1130","3",108.591509544122,208.927076658264,14.0360767975305,22.1833745022008,0.23029365280573,96.3264694095333,34.7883134939639,0.362332568779174
"1131","1",102.966635665012,195.244308287026,12.6235763202599,25.0317206663676,0.393863577396493,63.5542916454263,32.7777899209824,0.236320669370579
"1131","2",80.6073663301306,152.349812829732,11.1247935811786,17.7894567958211,0.236978761287992,75.0677263191622,25.799546966631,0.310474063020181
"1131","3",82.9412583926842,159.479229564668,11.6347099166419,18.967166763146,0.237863561397373,79.7396904835692,28.1178703221624,0.325440847908166
"1133","1",84.3916909510683,147.586444262471,10.1376823137496,21.5870019082564,0.324005392674776,66.6254401818694,27.2133788251155,0.206750398508638
"1133","2",121.160046008003,196.349338085326,12.4909852597235,23.3049942453269,0.23870101514607,97.6325728278355,33.9292350973877,0.313129394799672
"1133","3",98.4864951429449,179.341134336903,13.149654328221,20.8585412787667,0.226244214182082,92.1948053088318,30.5584946903468,0.317422487916079
"1140","1",101.863848961832,155.575062928343,10.3098082321738,20.8682403706244,0.231698250449939,90.0664563936069,27.8641609025497,0.251072356221037
"1140","2",82.3122839739616,136.61881905672,10.0751968493221,13.9850935039714,0.122911203773,113.782088814295,23.6382780132704,0.408370884879169
"1140","3",70.3429408366909,114.564228200501,NA,11.9221160454961,0.0997720316202605,119.493568005837,20.2864249998272,0.412310643911009
"1143","1",37.7941793451807,69.3270107232986,5.44746520743439,7.60770488581867,0.0820879149374312,92.6775261817454,12.2325041774873,0.378074613714837
"1143","2",111.249312912273,192.165814597664,12.4936725062318,26.5350776103392,0.377184448063285,70.3504021615627,32.9620366332766,0.194980640742602
"1143","3",88.2605935448538,173.654588917057,11.8505051058685,20.4523937670015,0.2443483815532,83.7017770979121,30.6226853222206,0.332116254606818
"1147","1",134.782734176172,218.41678426373,14.8641305113438,23.5302710247727,0.206559537424065,113.915200034871,36.2854704622908,0.351523606419096
"1147","2",126.227862564272,218.50985568413,14.9661297967116,20.236201667823,0.170018140223552,119.023779705007,36.4710839688978,0.445143947871683
"1147","3",81.1200759224019,866466.703067403,9.10900339713826,15.0789572039944,0.12465285939575,120.967599757351,27.5287188840736,0.452246315293728
"1150","1",84.7605336608261,182.444677942651,12.0897349362169,21.4792698669839,0.351057787026485,61.1844279225843,30.3870414767827,0.293143760527157
"1150","2",87.5408092676911,165.044788998936,11.7421415025121,21.2570406196631,0.283659169632298,74.9386689921508,29.3514243201197,0.275774818018219
"1150","3",98.1318429872579,192.183658399538,13.3032023581488,25.1613421072388,0.391107881354158,64.3335082384968,33.7125216537523,0.253649953401268
"1151","1",86.9012553316717,193.030474711899,14.0693206377854,20.3357664879698,0.239344932285123,84.9642659813849,31.6427993911752,0.357333520445692
"1151","2",56.9204432484636,143.370533478805,11.4023777506473,15.5902045766711,0.293724863939826,53.0775786821541,19.8379264038777,0.214121261503232
"1151","3",91.0887549836744,225.542004916614,NA,19.9594397869255,0.206780991506775,96.5245385539777,34.8670258052113,0.427555424473794
"1155","1",97.7234834466209,165.42303453576,10.6862379645082,22.1510301312862,0.268301538498689,82.5602054137847,29.3691836089168,0.245773037948491
"1155","2",103.156267335674,159.687522161404,11.6920088430779,18.3791762852003,0.162125805297618,113.363669968893,29.039935573401,0.367106850538795
"1155","3",104.254479676687,172.883680189139,11.7354415629091,20.6857618116841,0.203685457390017,101.557382037712,31.2459685433027,0.337970215805074
"1158","1",74.9446403723957,155.080834392258,NA,18.7114482117232,0.276164401049221,67.7547436984403,26.5304260909082,0.294717387967788
"1158","2",54.5753267350568,98.2983520442786,7.51872062965748,12.4723783878993,0.175135665167535,71.215525267045,16.9292226520258,0.263263373383132
"1158","3",64.3135009331681,126.146729483825,10.307963583619,15.8337223598729,0.201884756538824,78.4295091483439,23.0812021656666,0.313999234258883
"1160","1",95.396938565928,164.686397433775,10.6751940552114,20.0313086733021,0.228802594774823,87.5484331504894,28.4959581909656,0.297047372856799
"1160","2",94.4039964990462,860760.640550444,10.7201931671431,19.7960875232589,0.212462913485519,93.1743201601544,30.7446607412919,0.35611299503879
"1160","3",81.7934907416795,157.752936689213,12.3176884969877,18.6655255262289,0.223569690587998,83.488622617573,27.9723397559438,0.332714900180536
"1162","1",76.2402194287775,123.824948435135,8.5708548328077,6.66457345088876,0.0489341038067607,136.194860688712,19.312042241717,0.654900638292297
"1162","2",80.8534689931599,124.544804788453,8.37229008873525,16.045558507356,0.168081961384733,95.462703880688,21.5838076652559,0.256592777502134
"1162","3",73.7550345839095,119.150295565436,9.11484304679253,14.7595513584421,0.159299232184919,92.6529974815496,20.5422294579779,0.281501971894782
"1166","1",145.574656160759,276.039813640251,18.0007901735497,30.0568576673125,0.333362689473311,90.1626325213545,43.736132064022,0.312768270790051
"1166","2",112.547633497912,212.405312823395,NA,20.0306472261495,0.183263399703474,109.299768849426,34.6338011353452,0.421644561973665
"1166","3",83.1709884924802,161.330253926488,NA,19.1622341337875,0.223898829473006,85.584342619789,27.3680616811247,0.299832251291535
"1167","1",129.989891955878,245.593578145433,15.4410728193474,29.2835424388604,0.360299744020277,81.2755016479068,40.1150198897733,0.270010521761556
"1167","2",100.438384241426,186.781049850632,14.0061826468926,28.4317855443448,0.58415810400578,48.6713876763464,33.3370015187451,0.14714028709637
"1167","3",107.754845256511,219.39772749122,15.8788059177417,27.9561126946304,0.418384619332123,66.8191692592747,37.5866307991679,0.25622190389969
"1168","1",98.6436698412904,192.229840460706,14.5402547918633,24.6082700281358,0.315985750329151,77.87778405356,34.1979554870864,0.280416923244779
"1168","2",112.94438286358,231.163531505295,14.9306834511508,25.5855484694788,0.32845569501136,77.8964982433746,37.6703966747271,0.320804909743783
"1168","3",95.9845219562884,202.189085625983,14.138882232681,21.6774295159326,0.268688248742506,80.6787405753159,32.7970938024064,0.339044195606683
"1169","1",27.9696197294511,34.1360571914359,1.42983874606959,4.23965808555912,0.0491896107062159,86.1901126008172,3.4449144509634,-0.230700543049323
"1169","2",52.717037598302,83.889068815071,4.35689262508257,9.83084145853409,0.0851308258371441,115.479221091318,11.9435364716602,0.17689023834265
"1169","3",49.5870521567807,70.8843989231399,3.83322143719505,7.65750716157513,0.061131971449242,125.261904369192,10.039302474182,0.237247091491875
"1170","2",85.5918667391303,115.692364340593,8.142204116847,16.0200548378035,0.136028891546243,117.769502167541,20.9960955461095,0.236998383693682
"1175","3",103.143087349669,155.373515471494,11.1520453583166,15.734923984973,0.130015398077589,121.023541962183,26.6682502467588,0.40997538873457
"1178","2",55.2719841540892,80.7412251419563,6.43685902411293,10.0288093414649,0.0996553712287399,100.634910269369,13.6530940058486,0.265455190071284
"1178","3",99.3581001424088,135.56113982936,8.79961086526717,17.1415181965012,0.151635233934156,113.044427418132,24.0666832549443,0.287749042320589
"1180","3",96.8917381707392,143.253392554429,9.53389239114877,22.3153363195212,0.373788992775476,59.7003570218168,24.9105236606546,0.104180360737757
"1181","1",76.9867071650631,163.793813792045,11.5361187750301,15.7235146152629,0.139783404874172,112.484844888538,27.5246518551152,0.42874792029964
"1181","2",113.182804884601,125.279306092565,9.13457225646638,17.9226847668665,0.300560751153004,59.6308223815385,22.1543029618343,0.191006605003897
"1181","3",51.9313121545181,890834.789046814,4.14109222628763,11.3625320467645,0.100438508237722,113.129239433457,11.2245687169831,-0.0122911920502312
"1183","1",65.3876007370932,173.312657456139,NA,12.0400864799328,0.113197468319497,106.363566771211,23.7824642394707,0.493741003510039
"1183","2",113.971631914394,208.43520897803,13.6656192465902,28.5444808037406,0.484564446831587,58.9075013455566,34.718237412535,0.177824597932076
"1183","3",39.1043214991961,97.3208873082256,7.95041686902507,7.44845781881136,0.0862519308536639,86.3569979835988,13.6713693793788,0.45517836493788
"1186","2",34.4104553050864,72.9826681874941,NA,6.07882470336244,0.0783645990016262,77.5710560738822,11.434751612189,0.468390314934111
"1186","3",83.0881571929258,174.206610119223,12.9650020547285,13.1585620697626,0.118046602923195,111.469214224859,29.0269486107532,0.546677735706332
"1190","1",28.5119456130377,59.0593492836112,NA,5.40542077530622,0.0431169082579932,125.366613555928,10.2026369816843,0.470193756279871
"1190","3",79.1588377697144,131.274085883746,9.58553307925437,21.3213039945731,0.427600545788954,49.8626678673522,22.9398010314378,0.0705541009116264
"1196","3",84.9098372521042,177.118368889855,12.8230186094035,20.1205953822813,0.261079128371575,77.0670390535591,30.0391412417502,0.330187397157795
"1198","1",95.8384087508234,183.636179368814,13.0826838753321,21.9169747453343,0.276456172308308,79.2782977581423,32.346630208564,0.322434064877286
"1198","2",102.258456461419,198.433596527931,13.4448308717088,22.8621985962927,0.28247838007275,80.934330586308,34.2482365995339,0.332456182675289
"1198","3",80.9553555057367,134.446766291417,10.2281060999403,17.6284312288769,0.204136649293522,86.3560330292751,23.7231113153676,0.256908969716066
"1201","1",80.506811292554,139.72531156026,9.37017911127948,17.3381400788485,0.209562705964384,82.7348549402449,24.1935657267044,0.283357390361398
"1201","2",105.129503382263,184.63145577407,12.7349658527135,25.7072131213586,0.341877062650162,75.1943196249596,32.0560800964171,0.198055000984606
"1201","3",71.9850443942011,883772.995584633,8.44438216791675,16.7498364395591,0.234645705446561,71.3835201359512,23.7307288210444,0.294171006467137
"1216","1",166.978200149156,320.384336582078,17.860156709075,39.84876368,0.649502114,61.3527851889332,47.7223600344712,0.164987572885832
"1216","2",180.497977965877,389.254791127521,20.1111582567627,42.33722614,0.642323044,65.912668921777,54.1444682977658,0.218069223486179
"1216","3",97.1021362904311,199.675098688293,14.8264282716843,18.07782386,0.383891748,47.0909415328198,34.6254468246966,0.477903521316987
"1219","2",82.7556615742823,167.112696605523,NA,19.4266021642213,0.255069825922561,76.1618983898125,29.4360749794409,0.340041015054167
"1223","1",98.8802823735385,175.593778576656,10.515234451047,17.053923295221,0.150947416050552,112.979233043047,29.9651313716131,0.430874402527176
"1223","2",81.7010621405965,171.456054239954,12.600832181196,20.9364876776907,0.266042883795787,78.6959131512097,30.5371743015998,0.314393418627675
"1223","3",74.7364578659445,132.722542897234,10.3182182325692,18.5573859044498,0.256245496994081,72.4203395655318,24.0633532560981,0.228811308758598
"1226","1",98.4157167253469,205.574818367632,14.9678334390929,23.7324484649831,0.274205812948017,86.5497642439923,35.6851964150724,0.334949759308059
"1226","2",90.9716853651617,165.583199014135,12.0222503796442,21.1509408838836,0.286819345043676,73.7430764325286,28.5879817851033,0.260145712877676
"1226","3",73.700232562808,178.30387102625,13.6717545282675,19.1126656994279,0.2658121899486,71.9028939309506,26.6580458844632,0.283043258974691
"1228","2",42.3888904492261,104.517831783242,NA,6.37582385782491,0.0761149613054209,83.7657110832798,13.6035641767919,0.531312252071244
"1228","3",46.4750901352248,80.5810574091207,6.30906401469052,12.4235881442807,0.320230034449776,38.7958242755934,14.2503966725742,0.128193521223817
"1234","1",35.0416330358174,71.073885532668,5.30645141618462,6.84898383901469,0.0725757031188072,94.3702030389264,11.5723808028849,0.408161211104696
"1234","3",11.0055888346126,815390.018542534,3.07341324730155,3.20016974052438,0.0323806246930639,98.8297715334031,4.16297029590261,0.231277306092206
"1260","1",96.5298020575629,136.317267244597,NA,17.4965143705679,0.153137300176354,114.253773250664,24.711761351967,0.291976232638099
"1260","2",20.803743194206,40.2839373817462,NA,3.85667653122613,0.0338826325668732,113.824583246721,7.53046647312252,0.487856888415712
"1260","3",74.7405502249065,156.079280317763,11.6725234935931,13.5801087474503,0.122530378986682,110.830545532928,27.2769419638814,0.502139617944257
"1269","1",113.32076518688,202.267496351551,12.990844819415,26.0946769257656,0.299729646858773,87.0607135438321,35.5633626487119,0.266248324616438
"1269","2",90.379709222248,149.241614702362,10.8897173900594,19.1403506798907,0.203967183597993,93.8403440311028,26.5178453465803,0.278208676846398
"1269","3",111.323226142156,178.075836140499,11.8976697457588,25.023692702507,0.297599217947051,84.0852098843864,30.7647687464873,0.186612033111278
"1270","1",113.801226532566,200.47351877028,13.8935785884783,20.8105977840583,0.190736261822687,109.106666898004,34.5255168859036,0.397240080348947
"1270","2",80.8120817200562,166.272307455295,10.343473115886,17.6620846539678,0.192353950276828,91.8207535044082,29.136120891277,0.39380795680129
"1270","3",62.6213254721044,112.705412375004,8.87583470717804,12.6939373542535,0.117139673818938,108.365824663934,20.9072970282493,0.392846557969601
"2007","1",59.1829291792114,113.944545582208,8.96539301484045,16.4014704450403,0.388718266395848,42.1937219393183,19.6805598160759,0.166615655330957
"2007","3",120.746645653571,239.896844231441,15.2983246525477,31.2054889216466,0.574185816723025,54.3473698109465,38.7794786280748,0.195309219576382
"2013","2",93.0517663429619,228.389012013039,NA,22.4053632764621,0.260579568984456,85.9828088740092,34.747688216966,0.35519844841009
"2013","3",99.9408311465591,292.935307751264,NA,26.0003079926921,0.44801902685425,58.0339370299791,36.0817975959887,0.279406522817405
"2018","1",97.1383768398002,179.83402979993,12.3406053356694,22.2468356742997,0.286588886334272,77.6263028160534,30.5455349796031,0.271682892797422
"2018","2",71.7962999143877,116.238747763194,8.27597703224512,14.7949167986938,0.16788762368235,88.1239276260555,20.5061219936071,0.278512202194727
"2018","3",70.8731417998135,97.7219888507792,6.11972949977073,9.47358734696129,0.0672760014895335,140.816742035942,17.2260891663112,0.4500442174949
"2028","1",129.658516311692,258.268497989084,16.1448468905071,29.7122700825043,0.369322637864352,80.4507144601768,42.8092023202923,0.305937310856639
"2028","2",108.205970127942,200.11013170679,13.3973109781414,25.4119510815094,0.33763480977547,75.2646064498165,34.9908106828769,0.273753577422972
"2028","3",58.5321399700792,128.469742133698,10.1411112609649,14.9820099556279,0.232884235479249,64.332435060693,20.3218829105999,0.262764674831716
"2031","1",52.197986418681,102.578446383284,NA,8.97108662418087,0.0922017411985312,97.2984512826508,17.2664981254528,0.480433927076593
"2031","2",18.162749112935,51.1668421946413,NA,3.17425984443593,0.0413664871966003,76.735059212299,5.76630523292988,0.449515813642928
"2031","3",86.8082941790203,152.521206716447,10.4505195897964,19.5455027172481,0.243723671228666,80.1953401518811,26.6962046195543,0.26785462593692
"2039","1",87.4993327254257,137.885018493349,NA,18.6433636055843,0.230133014390002,81.0112519275039,22.8926223512321,0.185616950319329
"2039","2",104.636167475629,890657.873355299,11.4887163723104,21.7940367558384,0.259046718860907,84.1316842447271,31.8714814889357,0.316190031410862
"2040","1",98.4150115034012,173.481878967473,11.4963204880998,23.8600415052216,0.411296761425798,58.0117417470261,28.5366728214398,0.163881449862109
"2040","2",29.7352985400255,45.6796037399908,3.03668389928465,5.68200548158667,0.0623226995259131,91.1707214997026,7.40095412076892,0.232260410094754
"2040","3",95.2959981690979,171.779495323833,12.2530220040458,23.4712155073576,0.323872679537345,72.4705014973367,30.5825678968671,0.232529603579754
"2041","1",63.6019996037663,892392.29572481,7.12884989748946,15.2597610426131,0.23111571952962,66.0264956173067,19.9150183383923,0.233756113937627
"2041","3",78.4066479765562,128.418678688447,8.45166846296842,17.8649675885102,0.22554992983923,79.2062653322224,22.7526567101888,0.214818391712907
"2047","1",76.9040232816514,118.091625771207,8.85477348362833,12.5886097067268,0.102718970162124,122.553893276557,21.2907987822397,0.408730041766776
"2047","2",99.3543083159279,886154.776061572,11.9017871776721,25.4618110602731,0.415145430140887,61.3322686742142,35.06150922798,0.273795919773074
"2047","3",122.192273129292,223.461315666283,15.0827143633972,25.8741053172712,0.287139085966258,90.1100079433689,36.7774267414094,0.29646776270678
"2048","1",99.8180369684465,195.99188839452,14.3498844862399,21.1929610569667,0.248701875686692,85.214319347012,33.2940839919468,0.363461656969062
"2057","1",76.5660085483567,133.317001274913,9.72186012532361,15.5957504166647,0.172670996308584,90.3206140583867,23.0034235382598,0.322024811188407
"2057","2",66.7626504299664,121.488245661805,8.3178173719586,12.7127063999925,0.125755404159084,101.09073629878,21.4019080846628,0.406001261677093
"2057","3",109.707660617958,896509.682159761,11.2341118305006,25.4269028797657,0.346232171551348,73.4388799453167,32.4775339783867,0.2170925632258
"2059","1",101.010185088965,170.07940675847,11.5130472962628,23.0998339959851,0.307217234186703,75.1905538669969,29.5298550788098,0.217746448997605
"2059","3",68.9544018166703,127.404492491789,9.51883247860511,14.8747832294384,0.174703429314524,85.1430523590861,22.5705218581957,0.340964142393671
"2067","1",137.517865130244,280.913378792468,18.2590225027647,30.68043624541,0.40641632535026,75.4901669340395,43.9469292286644,0.301875312248239
"2067","2",50.6008929938314,846023.285216972,7.44166395851934,8.20615453816793,0.0950471592283555,86.3377149279363,17.4207130890198,0.528942673228442
"2067","3",117.853008984516,233.774799699502,16.3536135495989,26.5977317865514,0.311252776759528,85.4537975964811,40.0757348249941,0.336313310218751
"2068","1",95.194834907892,153.96368007421,11.2711334577978,20.9589565058692,0.23008564239955,91.0919790009032,28.5532778233889,0.265970210652977
"2068","2",108.372783006139,171.553483148503,11.9768842642003,23.477235476902,0.270566736963823,86.7705902815434,30.1912320337534,0.222382331047147
"2068","3",118.936344227729,210.443798404356,13.1704589914038,28.8064070546491,0.419408013747434,68.6834922329266,35.0970377255283,0.179235373653875
"2069","1",78.5033377190469,135.464723611402,9.88552163011543,14.8691871400847,0.138176517972828,107.610087142366,23.2168539411039,0.359552022948301
"2069","2",76.9357813465172,148.755825267688,10.490958423695,15.2385613741101,0.166603980914627,91.4657698480732,25.8168373808561,0.409743294683727
"2069","3",80.7592828251884,885533.599946211,9.47323013931227,19.8812780814308,0.317399043037416,62.6381160169004,26.7930455291925,0.257968712076084
"2071","1",50.3256618544082,87.640183203867,6.84539597439482,13.5633787302404,0.388594965156564,34.9036398986171,15.2817451020107,0.112445689958816
"2071","2",43.072174086091,73.8916563046204,5.7904852796299,18.3966061668373,0.203401097469034,90.4449700407247,18.1893973454679,-0.0113917364843881
"2072","1",102.688824066158,197.975235462741,13.7550364244445,27.9287074407379,0.572335516251012,48.7977884435344,34.3978126455492,0.188067342289229
"2072","2",100.272911964358,180.4572533046,12.2845935054295,24.854503854744,0.369282009835511,67.3049409198539,31.399573208645,0.208444532363866
"2072","3",107.077120228614,195.313474953011,14.289974494067,26.647314313407,0.396930735935119,67.1334111998894,33.1969384538109,0.197296029256337
"2078","2",81.452335484777,119.399938122265,8.0523789932686,15.9862291712606,0.174807264099176,91.4505999143772,20.5858177650328,0.223434825192377
"2086","1",66.5415315255996,117.190276574185,8.32822941458402,16.8364853696086,0.313048237868262,53.7823994291057,20.3836251191597,0.174019082906748
"2086","2",39.0769204376012,87.929766425805,6.84030905644617,7.07763709626169,0.0784625827088251,90.2039781500288,12.8710022273711,0.450109869361176
"2086","3",93.7433774651044,172.158561092933,11.6676714813309,20.6770348358594,0.242969481122217,85.1013663953067,29.6509165405276,0.302651072940781
"2089","1",113.687299083956,208.244755586548,12.708620758619,23.3854302535985,0.25596806358515,91.3607343277771,34.5068889312578,0.322296765142019
"2089","2",111.451328605681,191.296465764705,12.1368397332585,24.7322455941417,0.325298731803832,76.0293329672623,32.4015831869658,0.236696384512138
"2089","3",40.6637230424223,82.0513927609533,6.72878126445292,10.8013103457658,0.200403357111851,53.8978513206109,14.5224635885242,0.256234296617476
"2092","1",147.761072690076,322.106938397199,19.2846391288264,37.9078240832292,0.602763480867117,62.8900477326467,49.1725962144098,0.229086381407688
"2092","2",124.078718460464,230.104904348064,15.2902910488352,32.1718337630328,0.553754926419426,58.0976027988691,39.9094949495469,0.193880208113282
"2092","3",82.0427023246617,134.82401396845,9.29059640829836,18.9975164797469,0.243799990825873,77.9225479680815,23.8977660685073,0.205050529606531
"2095","1",123.337730566871,278.988144055436,18.2434440220637,27.4659559745702,0.3284947549527,83.6115510536085,43.6358855586214,0.370564946191549
"2096","1",116.17807762316,212.158774168315,13.166889756383,26.7844417471425,0.369834190042512,72.4228383104971,35.5750302677642,0.247099959000938
"2096","2",83.1075559048382,134.351245549274,NA,16.7987904759851,0.171668760251517,97.8558384843737,23.7601659933451,0.292985138206096
"2096","3",80.8546010613646,134.317530400399,NA,11.3136153333927,0.0836607570631304,135.232045830705,23.3964403019552,0.516438604019294
"2100","2",144.488136086288,349.309105738702,21.6622697709408,34.0239380059079,0.477369395563877,71.2738150415325,49.7458670078575,0.316044928907688
"2100","3",111.936129761461,230.903874278972,16.2174218404852,27.225636218363,0.390326287679443,69.7509675308421,38.8594400316749,0.299381663859001
"2101","1",87.0821897544603,156.654853658378,11.1823988165932,19.7561046375934,0.267844145749421,73.759702988155,27.1903448676213,0.273414709016092
"2101","2",79.4666452435954,874705.797587182,11.2771112562986,20.6216708972813,0.224475056789472,91.866201938961,29.5222454592499,0.301487045565493
"2101","3",64.6785342830179,115.082923199726,8.87888066141344,13.4381131474591,0.145150289710986,92.5806842977454,20.4495270293984,0.342864354361822
"2102","1",142.416565590193,220.319655148437,15.0532352712491,30.9179021104275,0.340345391391377,90.8427229880533,37.1435085199526,0.167609540875249
"2102","2",107.489736342271,184.402699271398,12.0828192450308,26.1935865729943,0.394458461138722,66.4039161370216,32.0788452862615,0.183462299242665
"2102","3",129.420157049417,228.720883557685,15.2842301892452,25.7708469774723,0.264087423695501,97.5845294594061,37.8273905639421,0.31872522547094
"2104","1",98.8270726515798,165.521034134116,11.6734979763892,22.2777279695735,0.290221840278091,76.7610320030601,29.1024516220243,0.234506829221424
"2104","2",108.499526989857,212.061279192011,14.4100315048838,28.7833559467589,0.40737465111921,70.6557363539442,37.5940101614636,0.234363245018649
"2104","3",126.538348355077,224.365572011313,15.0130483307374,31.0227720757267,0.490844473626549,63.2028549624251,37.4464996611572,0.17154414013478
"2107","1",50.2727338519461,106.801481926103,NA,10.4068470750502,0.0996039194200025,104.482304869624,20.0061354418595,0.479817223806474
"2107","2",58.1429905963033,107.275317701591,8.52725654200438,14.7439583087546,0.225656983819354,65.3379215622131,19.765355030849,0.254050418738103
"2108","1",128.721096927657,217.966204250244,14.0527983358097,29.4710035206558,0.384452337825816,76.6571057606841,35.8983464110644,0.17904286779147
"2108","2",129.937576084339,216.009129066593,14.9134774677825,30.5812494020202,0.443415453871753,68.9674866651468,36.3300709997257,0.158238655733675
"2108","3",120.307351451811,211.542010819476,13.8844515597889,29.3786198789105,0.446761554123208,65.7590600797499,36.0283221996396,0.184568747994477
"2113","1",60.0176195631462,880376.382546672,6.84906749008958,14.3375648479979,0.202248162723588,70.8909522584541,19.7933158560929,0.275636030251878
"2113","2",84.0800211268583,142.279047520114,9.76091066822349,20.7787494173102,0.351922492399919,59.0435390350032,24.5491221174376,0.153584828088384
"2113","3",52.3697907829876,93.1740865535126,7.63831008520255,12.1852655245124,0.152514071963634,79.8960080707693,16.7716054636081,0.273458611284853
"2115","1",71.4246771838697,158.560405204104,12.1942598272254,15.678991749983,0.185425350572568,84.5568941979531,26.2944001261311,0.40371365481727
"2115","2",104.883762539792,194.898592929372,NA,23.1191747724865,0.243337023995967,95.0088662745777,33.205109089793,0.30374645931842
"2115","3",93.8489262363843,166.450946837128,11.3277790413191,20.8455081047395,0.237114641679581,87.9132050095355,29.5277595440307,0.29403691893198
"2116","1",83.3838153263269,162.814379241802,11.5557425494358,20.5992445899153,0.268666564520667,76.6721554156424,29.2226442890231,0.295093065973738
"2116","2",91.5010185964164,196.916791861399,14.4095675712017,23.9139256873856,0.434283071100481,55.0652956072806,32.2141168597645,0.257656952338985
"2116","3",95.7818250383067,155.517701274168,11.2604261042555,22.5782061183966,0.305091541899323,74.0046937317166,26.8687306771743,0.159684676225611
"2121","1",79.3597568992099,116.508656785234,8.7837004156204,18.2830268112903,0.24086589444964,75.9054197069517,21.2902322952974,0.141248129296898
"2121","3",90.3355255607788,141.612090498875,9.50185753753151,20.3193952440596,0.306762731984007,66.2381480065804,24.4093627324879,0.167557323525889
"2123","2",92.5608821318392,174.922298424451,NA,22.5498318234993,0.351249583081787,64.1988856631573,30.1132388429758,0.251165510920812
"2124","1",108.444594310821,220.584290382314,15.8115570515348,24.0310582678911,0.245995582739113,97.6889828683505,37.2423353281155,0.354738147966
"2124","2",99.2880745067965,177.352485085074,11.5452725585906,23.5723353819942,0.321059639484184,73.4204256251755,30.9431669952608,0.238205469220248
"2124","3",63.3170688192767,97.6456903196816,7.6201264456466,16.2519104130903,0.211808737546796,76.7291784150295,17.9924184183164,0.0967356341298901
"2127","2",89.9000857725492,101.419975390476,NA,11.4274004751327,0.0859411894490685,132.967678809065,17.4772491996664,0.34615565959025
"2127","3",79.9302224477816,140.52382619813,9.61749440496146,11.2604675724535,0.15418206860475,73.0335743601941,25.2590215854358,0.554200168269927
"2148","2",103.443421528884,195.716686524342,14.0416146009335,26.2552510094445,0.452975017186816,57.9618080760871,32.6370378798231,0.195538176407975
"2150","2",135.664665422385,236.423990993307,15.3347686856805,30.0136145483455,0.358797627543934,83.6505379196532,39.6465087225234,0.242969544723252
"2150","3",151.373773853945,257.993075872756,16.1706570841799,33.8618398518471,0.442026293899299,76.6059402329612,41.5620965853791,0.185271133223844
"2152","1",97.1886826314908,183.870425109634,13.8533858986491,23.1847278046887,0.376235667601659,61.6228864011788,31.102245351649,0.254564178805841
"2152","2",37.3081806453006,115.750893311905,NA,6.09617150089,0.0701923421738347,86.8495239237428,12.1454215165356,0.498068346776581
"2157","1",59.9890903343701,167.56573842643,NA,14.522589228865,0.183874453197723,78.9810056606863,21.2075733863998,0.315216834841738
"2157","2",127.814307410142,278.699631777078,18.1949457174876,33.2114222868505,0.605135586485081,54.882613134287,42.9287593619661,0.226359606462909
"2157","3",62.0818624334483,118.906614077523,NA,14.5407858330915,0.222115719345498,65.464911155043,20.4885844647407,0.290298172715882
"2158","1",119.183707300559,232.091452923904,NA,31.2950703021402,0.586081923443384,53.397091857523,39.1767630952112,0.201182848463417
"2158","3",88.9091178113943,150.630481524086,NA,16.2627483462892,0.147480061764711,110.27082679308,26.3400184213737,0.382584017743406
"2159","1",55.4493888555329,108.045005245663,NA,11.8758392600943,0.125213229206889,94.8449244166681,19.6307319039204,0.395038385821845
"2159","2",51.1251965877995,95.6141885478919,7.63666601491449,12.1540646136946,0.211084415010467,57.5791661979968,16.2897824421135,0.253884165925196
"2159","3",64.5191130051098,111.761974892652,8.27629121907171,10.6233841163248,0.0995520534572454,106.711853220458,18.5590896920338,0.42759131548975
"2163","1",61.5067904487047,107.725904661824,7.82543832943209,14.6189833769338,0.189883574738389,76.9891940209943,24.0202919096244,0.391390269862778
"2163","2",69.6440184168044,134.499992013053,10.2437501519957,16.3088425196838,0.214291835991194,76.1057575723697,19.5833082621485,0.167206975380853
"2163","3",120.085772291524,230.08305477214,15.6223114076547,24.3336486931129,0.261710992023352,92.9790854598177,38.1555593023089,0.362251552904366
"2165","1",64.7340382188615,130.754039063852,10.490713921244,16.1141393449538,0.207055540021815,77.8252025676588,23.7554972776516,0.321666932221478
"2165","2",85.4474107797621,148.80330300997,10.416777052287,21.5671547044142,0.32664299288038,66.0266871615161,26.2274628713524,0.177688104632816
"2165","3",74.2007752255071,137.524117471488,10.7070323039769,19.7051456764724,0.333307756704329,59.1199732982885,24.6587599421349,0.200886592727567
"2167","2",66.5997626410434,107.339687104357,8.6042868203771,13.0039784503842,0.133126901661837,97.6810718799444,18.0545700366334,0.279740341420557
"2167","3",100.76666464121,172.265914783745,11.4589387487276,21.3461161962939,0.240553446570588,88.7375196681296,29.327170723192,0.272138577642837
"2169","1",101.697337164582,189.997580226159,14.369172693077,23.8788137923944,0.292152588055305,81.7340484687889,32.7383888904972,0.27061732108248
"2169","3",117.108648802383,205.356481153603,14.7396866433886,25.6297450115386,0.301212684010889,85.0885316987914,35.0747889642054,0.269282987341868
"2172","1",54.1068142932464,126.024309561165,10.1884744437518,14.0927315298471,0.177292605743441,79.4885464667408,21.1646124149735,0.334137037166967
"2172","2",62.3134175245289,115.134712344163,9.28775048219656,14.5084969878218,0.190854210197903,76.0187421214207,20.2381489627631,0.283111463676026
"2173","1",105.220725052353,167.108410259282,NA,20.186153550394,0.202129145727167,99.8676043366904,29.2993477620449,0.311037443074291
"2173","2",72.9193988979804,134.377276434766,9.7994846672439,15.4345792876341,0.15005312710431,102.860763953988,24.6327800073142,0.373413017814023
"2173","3",135.993679955305,212.974146828745,13.6901073121075,24.4099256218441,0.233441911573908,104.565309019567,35.7658300263628,0.317507084167998
"2175","1",70.4842053206804,134.440467306086,9.96077135396359,14.1191240869955,0.130312373683827,108.348299458134,24.1311436311908,0.414900333660698
"2175","2",74.1998934052146,120.822825603963,7.95930506639423,14.2609226409112,0.133577705379322,106.761248820784,21.9145737027363,0.349249370106135
"2185","1",76.3538096969068,142.848717665496,11.2255446495839,13.8874827264166,0.123531951546976,112.420167839213,25.4349049986472,0.453999032937013
"2185","2",60.2818863815735,94.2002473523515,6.33776684734095,8.4678951802892,0.0627173054808072,135.016884341126,16.9198087686362,0.499527725396878
"2185","3",84.0982935690452,146.287585658341,9.93603594726231,21.8646295510729,0.372656032362539,58.6724154509374,25.744184136049,0.150696350075575
"2190","3",48.3432095136337,89.845681846848,NA,8.72888188079888,0.0774636261074976,112.683620938241,16.354144616756,0.466258732244821
"2191","1",72.3857322817812,100.069212840271,7.19787973719668,11.4938625986937,0.0910156721018812,126.284433584445,18.3438471183736,0.37342136987278
"2191","2",90.0295377732908,95.9110200823979,NA,12.8459216154217,0.178500959448525,71.9655606059982,18.2519668197058,0.296189734382351
"2191","3",124.914142985924,164.377951111764,12.1406534911135,19.2521942290622,0.161783349474748,118.99984943795,27.690734734443,0.304742383555627
"2192","1",105.990182163449,221.144130145239,15.2193140820394,15.6192896621839,0.130372317107111,119.805262411279,35.1694402264084,0.555884610001399
"2192","3",106.801935992042,205.031899934268,14.0566268531554,16.3857065339061,0.135345392136905,121.065861757093,32.6083402965806,0.497499523591996
"2194","1",81.0927874496447,138.592990245379,9.49214355858665,18.2587033548024,0.228775105318223,79.8107089904069,24.311548132979,0.248969944039305
"2194","2",79.9027545305724,149.509175832771,10.0481514559452,16.8840440129636,0.18283898453112,92.3437857427493,26.603265992357,0.365339427955413
"2194","3",76.0723685714088,152.993534639559,10.7348533641852,19.0012423773094,0.250688387850113,75.7962606096868,27.4347052062215,0.307401255654811
"2198","1",106.38592906033,195.603148339699,13.4004866340688,17.3670404887925,0.150497158861656,115.397796344828,32.9623150550926,0.473124370671005
"2198","2",91.1476479717989,182.335459965514,12.9159409530704,19.4780701055536,0.234611177063627,83.0227713331456,30.8528225110754,0.368677854398523
"2198","3",70.6610008274288,153.271682827108,11.7658962604409,14.8314499520209,0.162967639183893,91.008558670259,24.8837652321102,0.40397082942728
"2200","2",78.4557055521634,137.448755130726,9.56244171519163,21.1222338363751,0.398582975590662,52.9933166489964,24.9359312602719,0.152939843476902
"2200","3",87.1173320308704,876161.497127136,10.5026224757008,21.8133603919953,0.296524456575306,73.5634444589415,30.4645373765085,0.283975327693116
"2201","3",87.5340470572184,144.996320258028,11.2030205087675,15.2634324427208,0.12902111499403,118.301817833671,25.7231321159555,0.406626208118206
"2202","1",34.9069174387741,79.1068884336507,6.34671597826165,4.40619645688678,0.0460529154307256,95.6768190607765,11.1635883015221,0.605306435719598
"2205","1",72.4820181998727,131.271194710186,10.0022612962486,16.6475151851245,0.215119420001775,77.3873190295285,23.3727753077067,0.287739048274882
"2205","2",54.915479454789,135.944351471995,NA,14.8888863631704,0.242619100832881,61.3673297446848,19.4012333792273,0.232580420422561
"2205","3",55.6925508405216,93.5511639336827,NA,13.5948629913255,0.22589728061031,60.1816142035712,16.3746478319454,0.169761503828913
"2207","1",116.339883024186,203.821186414746,13.7026108972714,28.8874954319688,0.381839593369845,75.6534836448684,35.4919219830267,0.186082527573919
"2207","2",106.745270008909,257.188862790784,NA,19.5769545030831,0.187184209126019,104.586570600639,37.5661855873819,0.478867651932732
"2207","3",110.790487328319,230.420670378743,16.5537049935583,27.1179905047295,0.396441161578255,68.4035693891401,38.3220016832188,0.292364977985885
"2208","1",61.9869309698543,115.52721795518,8.25831217866012,14.9252052620688,0.204173572168575,73.1005737106165,20.6349150561312,0.276701395597258
"2208","2",69.5571240121382,124.38797918511,9.87162046622365,16.8030538830903,0.253001519768848,66.4148337861459,21.2292627343594,0.20849564615851
"2208","3",70.5388581728649,147.767621724693,11.5664563483328,15.4293600684104,0.178414080455948,86.480618732444,25.3605490570061,0.391599920264822
"2212","2",91.1372764621887,162.088207682319,11.5470932668086,20.7125007829932,0.250302718186051,82.7498036501447,28.7168143620653,0.278732643466391
"2212","3",77.0968535483161,151.587405137969,11.1305386070388,20.9555455145323,0.383200716252875,54.6855593576285,27.0898339520931,0.22644245248638
"2218","1",107.664052294839,194.127594921129,13.1883903088625,24.0412136340022,0.291725890034922,82.4102846378297,34.1825794655227,0.296682286418711
"2218","2",75.1510847622379,126.092248112988,9.27932515522211,15.2123677500865,0.14782364649208,102.90889252892,22.4244671509319,0.321617425836836
"2218","3",32.277933904099,43.0528456246034,3.67195056134608,5.1341955348993,0.0446587635173639,114.965017625333,7.6683705186909,0.330471118683532
"2219","1",121.001389950474,213.677624510416,13.7542671860873,29.0692830317244,0.395181464879807,73.5593280939068,36.1993657283391,0.196967061525966
"2219","2",54.886146278721,95.6257519877527,7.48902641355494,8.78728270406554,0.0724485257418965,121.290014035219,17.3024374417376,0.492136137832897
"2219","3",32.2725851144777,40.9111392863538,3.36401127798243,5.89590600828525,0.0876560320849253,67.2618400359831,6.89713927509955,0.145166456247883
"2222","1",89.8237140138112,164.157139019381,12.2069704041521,19.8550560171516,0.205088479690647,96.8121468699788,29.5120164738798,0.32722130205082
"2222","2",50.5272530562789,96.752292325447,7.31064510953598,9.76992948360647,0.0735709994394192,132.795932609987,18.0369470954853,0.458337964186196
"2222","3",45.8992786961531,105.331749249982,7.70115524257059,13.2591678311628,0.132023247903923,100.430553267496,18.7544034040916,0.293010417581714
"2224","1",89.6379741065053,144.488642203734,10.6980886098782,20.5895226954935,0.258914775836096,79.5223935327955,24.9888741052644,0.176052406012326
"2224","2",91.6972283270391,886039.327294673,9.74852473384015,21.2834779337286,0.282621715908626,75.3072985396841,27.7428776818111,0.232830920503874
"2224","3",63.7326376926031,106.746567834881,NA,14.0476520761633,0.181857372534545,77.2454362469954,17.8219350092527,0.211777392922251
"2227","2",131.358356855142,225.290384459262,15.0177484237805,25.3610014403908,0.231708515247525,109.452177073849,37.2247546023544,0.318706014013944
"2227","3",132.748980947203,891645.044896148,13.3985554882142,31.6552639668959,0.475492441639702,66.573642806466,39.4837809524443,0.198271715542576
"2230","1",114.396135970452,197.265164257428,13.4695153425088,24.596348170249,0.321508735813016,76.5028922403955,33.1885553439007,0.258890665309745
"2230","2",70.3246199472346,133.986341830775,10.2677889294401,18.3074333040323,0.328028978493825,55.8104146410861,23.7919914589371,0.230521188794585
"2230","3",48.3501517878663,81.9807580714256,6.58881475482396,10.5008592233848,0.128396216109464,81.7848028670272,14.5044698031194,0.276025986063523
"2233","1",100.166791266818,193.607720877933,12.3098160433018,21.8956746071842,0.249328581610664,87.8185503873562,33.1160192820775,0.338819245734823
"2233","2",55.97088486772,99.7068079033459,7.63003901606698,8.93927004321932,0.0745593535006523,119.894682873573,18.0415032059831,0.504516339843857
"2233","3",94.5459365012129,143.51603975017,10.4034619151466,16.9766858245483,0.145366877957649,116.785103065186,26.1233564572431,0.350133821726369
"2237","1",57.3549298003618,119.882446605459,NA,11.2132647604135,0.100510697925323,111.562898197609,20.9067185336532,0.463652569753416
"2237","2",58.7923164631274,886529.578343228,5.83607266233206,15.05150114847,0.266375744005922,56.5047737534818,16.5048933835674,0.0880582625601455
"2237","3",114.152135955724,867017.636948637,11.9504968260022,26.1803715114633,0.332217171019447,78.8049920211101,34.9014846629096,0.249877999050121
"2240","1",66.7913830363979,101.311019061785,NA,6.95748668735044,0.0485318588595504,143.359163461783,17.3367398974578,0.598685408646485
"2240","2",96.2857735655571,178.067208193584,11.1608107109115,20.8076143678719,0.236543463553235,87.9652899949572,30.6832701539405,0.321857994161692
"2240","3",19.5893566496064,39.1245928572367,NA,4.43595355397658,0.0850538927389726,52.1546211599082,6.15961786382417,0.27983299418147
"2241","1",51.6658305645395,90.8080832785149,NA,7.92178378894652,0.0712143501321829,111.238588490138,15.7610597452662,0.497382541721169
"2241","2",123.475522477923,196.765913113119,12.6607007463755,27.191048471832,0.316999319758246,85.7763622097635,33.9332956626147,0.198691198692229
"2241","3",130.942298313514,249.010601692842,NA,32.4076765785868,0.475860821420381,68.1032670053697,41.3609301921478,0.216466447247862
"2242","1",50.5273857721178,76.2880035247859,6.11895015275069,9.31893504925938,0.0838382296185636,111.153767101923,13.5693971705459,0.313238832047211
"2242","2",20.3241020917417,37.6374394692049,3.18753311038903,4.19111025722101,0.0476965477511805,87.870306234423,6.78090894456281,0.381925005705673
"2242","3",51.4237522355769,72.1657909320969,5.44240935286451,8.71703745296846,0.07120110573812,122.42839998904,12.4816615467901,0.301612415919881
"2248","1",80.9962825632911,892907.21543444,9.15067621519068,16.8351788433199,0.18146050759077,92.775993337827,26.7325785891524,0.370237375823095
"2248","2",78.8535733618885,124.814498102759,8.21509445139473,16.7194388230028,0.178079856193196,93.8873108975568,22.792818524756,0.266460231548664
"2248","3",103.616795030369,176.825955383706,9.81844566052803,24.0897620977034,0.269124030607668,89.5117468451627,29.3344378434437,0.178789031981143
"2252","1",106.295065035281,227.990051653866,17.0537615476687,27.2972632984448,0.415961694220611,65.6244641699321,38.2372330003034,0.28610777620263
"2252","2",120.962326885582,300.748271880013,20.2411124404561,23.7919189872165,0.22128531718901,107.516934650005,45.0216719552671,0.471545192482949
"2252","3",77.2552665844461,103.411751975481,5.54291832957152,12.0847094948277,0.101840094544704,118.663573014682,14.1827334647718,0.147928040469444
"2257","1",107.174033295028,175.248556571847,10.8174335440534,16.9744896119968,0.137655654644441,123.311241051747,29.7959076464708,0.430308020369791
"2257","2",115.45019661353,184.530428902129,12.2669920419004,19.1019767268721,0.161985496486613,117.92399406851,31.7542077551083,0.398442660758901
"2257","3",98.7564244022747,162.8673398753,11.6035833321608,20.9979898389636,0.233279273378734,90.0122395566317,28.5667637675131,0.264950345448542
"2265","1",67.5806081089498,145.113765542189,10.7108311440898,13.2596044497043,0.119849990400437,110.635006355878,24.5196006675793,0.459224290416905
"2265","3",72.2151784369011,127.394961609684,9.82239239423382,15.1844599904185,0.168909400024623,89.8970690098061,22.7617670686835,0.332896257808127
