"Plot","Repeat","A_sat","ci_sat"
"1214","2",38.3430168696637,168.589405361556
"2139","3",30.5062255545085,108.108762213089
"1012","2",36.5540829670835,122.968805263806
"2187","1",37.44433447269,185.607776753477
"1037","2",38.3076480656192,127.037037933646
"2319","3",24.4827153042441,40.5545446053611
"2176","1",32.6883707193959,77.4833531788337
"1012","1",36.8660636564112,69.4009905302257
"2139","1",33.119779430641,-7.20418560674773
"2319","2",30.633114565767,-73.6619568338993
"1056","1",23.0501024020839,213.491176411372
"1202","1",29.45480916695,203.174363290117
"2187","2",18.3130947140752,249.732827077151
"2176","3",30.1448602161221,171.864911112932
"2187","3",38.9203890475041,140.196254265054
"1037","3",30.6276445236816,130.686791334172
"2139","2",25.3782176600381,124.430788090914
"2176","2",15.706368972011,231.784038126773
"1012","3",35.1731989283491,99.6949334605825
"2034","1",20.0298948926503,238.894291095617
"1114","2",22.1121790102113,125.032336028505
"2241","1",38.6474919078293,130.379580336334
"2002","3",21.8773841271558,242.424754362934
"2255","2",38.3066799665565,64.5543117726688
"2275","3",29.4123936584587,80.1925721261891
"1010","3",35.8745690808933,248.841669910071
"2028","2",24.6861625551602,228.338530136888
"2267","1",35.3050221506465,181.62941752069
"2275","1",32.7445576510575,172.901424008057
"2312","1",20.4660209278451,259.438966690418
"1008","1",37.2608831539726,221.135952598822
"1114","3",35.9659840868534,94.0304466560175
"2129","3",35.0855030293776,71.016350581223
"2273","1",29.6218434605456,76.3383581496517
"2241","2",30.7815456336369,97.7734582041805
"2002","1",7.08699166918068,235.023140804405
"2026","3",28.8003382458367,98.5765409996376
"2252","3",40.9440508932801,111.479213768964
"1096","3",21.2564758957194,84.5278154411515
"2288","3",23.4522878641526,62.9182975861735
"2201","1",35.6863350129052,-27.1101362126033
"2027","2",23.9954981928026,-185.384283508719
"2026","1",21.1961272637254,153.561151165469
"1010","2",41.7349428065204,118.583788235524
"1004","2",38.5272104103078,74.8565823866449
"2057","3",26.1604569619511,69.4559792677756
"2267","2",28.4546873082415,116.477526422811
"2288","1",32.7529154058553,98.8081015895615
"2226","1",37.5264838984413,76.5266970399037
"1096","1",10.6872037732997,200.73770876446
"1008","2",32.5829273920502,66.822232962829
"2041","2",10.8157462312829,62.2711359237396
"2041","3",23.6882489831329,160.351873762683
"2027","1",20.332369634883,228.149773519529
"2057","1",21.4279478776512,203.580110731311
"2241","3",31.0984080059183,223.942320494991
"1001","3",36.0545881552396,223.725292281689
"1084","2",25.403351085752,223.576808900876
"1004","1",37.5360772094405,248.745049412941
"1084","3",32.9985191021431,249.086515628627
"2292","1",15.8760222779579,231.962533104584
"2078","1",26.1256757667932,233.557976755979
"2216","1",21.9067164424724,215.401987728787
"2312","2",15.9393405109207,206.417437251146
"2288","2",24.0792405557495,247.241578716244
"2273","2",31.9900725959056,114.417672834676
"2027","3",21.7754743013674,112.471354523615
"2002","2",25.5760818887528,107.821922489524
"2201","2",27.234707152079,91.2819503535365
"1001","2",34.5872755287643,107.433612896631
"2275","2",30.1722726547074,57.6827236870172
"2034","3",22.5075991325754,93.7437841450851
"1010","1",29.3694450818665,134.625021034597
"2292","2",30.2012919475481,120.26001775126
"1004","3",41.3784254009196,124.729369406177
"2312","3",13.841200068967,160.639820088961
"1184","2",32.4357619040276,85.1036243010642
"2059","2",40.0660790599432,199.718155116905
"2005","2",30.6976997729351,210.123673877294
"1017","2",25.4587053769229,172.573771508916
"2009","1",22.5825036719666,235.932044626062
"2297","2",25.0852161745525,215.611173748894
"2005","1",28.607466122188,232.418343362353
"2313","2",30.4370007142883,199.765434927037
"2049","1",25.3907082077188,228.3232877477
"2162","2",31.6689646640306,240.844486506283
"2092","2",28.7185718062688,115.853886533714
"2316","2",20.2998448136854,212.307760996596
"2092","1",40.4216161779345,101.239506387335
"2137","3",20.6221267461654,178.237179960879
"2049","3",34.0127357915424,87.6634106106424
"2012","2",31.9620212526969,113.296019008998
"2012","3",19.7989182797636,24.0919101445312
"2105","1",2.87927991503189,207.284009914939
"1098","2",20.818497149224,25.6928933791052
"2289","3",18.0692862613656,160.980782693377
"2178","2",30.7422298930653,109.034219528781
"2137","2",22.0595972185262,120.214533286269
"2105","2",19.6954159474957,85.8332408004328
"1162","1",31.4665709381822,87.7873938776289
"2178","1",33.7063871489465,114.851155377004
"2294","3",31.613093081532,77.4912653823525
"2074","3",30.3702324201638,156.837541195284
"1017","3",41.3740147368018,74.2224632653368
"2049","2",25.3747865120275,16.2840528940885
"1081","3",41.2509365247055,49.4241303349177
"2297","3",28.6738120692094,103.134915601273
"2152","2",28.8779836995714,93.58862644873
"2233","1",29.8243045840037,111.927973268969
"2185","2",35.2028993783518,77.4243366463458
"2185","3",13.3699953767664,71.2919851303285
"2018","2",21.8431849094639,56.9410306181087
"2294","1",17.620757983827,58.7948492361223
"2316","3",21.9095394401206,18.7524248881657
"2058","3",30.963361701639,187.202167075074
"2074","2",28.5006354869089,210.94262653104
"1265","2",21.5346090668371,206.25648463141
"2009","3",13.7099128449034,218.274406575405
"1081","2",26.7058687673588,199.099720463682
"2249","1",18.9569692649614,221.054101222937
"2313","3",31.5852207782338,221.792751993553
"2074","1",26.8593888238595,222.162179670869
"2152","1",25.9328659732726,207.057248805346
"2005","3",18.3488698377813,195.131097650107
"2185","1",30.9141678553734,213.765185293528
"1266","1",17.7223448149036,230.033405515428
"1162","3",31.5555211983489,238.105215490609
"2018","3",15.863352942162,210.40106722393
"2092","3",39.8559216443548,92.4046741631104
"1098","3",8.46059314101241,143.719412423034
"1145","2",29.0366280740959,133.430084947381
"2012","1",23.6681334188143,108.095503745054
"1145","1",37.6640590995319,80.078710705472
"2297","1",33.5959934072916,109.230118463449
"1265","3",25.3842322732066,202.560721122843
"2058","1",33.5734190996674,130.365683832044
"2137","1",28.8106951847286,111.312325786414
"1162","2",24.484533796578,141.952150300399
"1266","3",29.9596739574484,86.5783810470044
"2059","1",15.468783420903,107.454751781064
"2316","1",19.7526275792566,115.906845683415
"2058","2",32.928984466216,103.481548680914
"1218","3",35.0214046141006,64.9597317252768
"1176","1",29.7075259740902,71.2841621699867
"1054","2",32.5975322361483,143.83529462025
"1086","2",18.5158867317801,160.032799869379
"1156","3",26.4018392493886,209.660985568536
"1280","3",10.9768924384487,133.526167618515
"1140","1",29.8868134177686,105.71170064399
"1088","1",31.8690525498093,202.499168748934
"1085","3",30.4821861143468,124.530305200846
"1251","3",25.1300707332553,126.344052315653
"1199","1",30.4456900713858,190.618139716766
"1199","3",25.4071016720521,5.98833471795279
"1176","2",24.4292752760413,57.2391719283139
"1259","3",32.9403916169157,94.1895471682837
"2035","3",30.3649807515973,173.587986054184
"1283","3",25.2634634757498,128.331312891983
"1063","1",37.4161724753538,121.354444584254
"1311","2",32.2225662228324,189.657060054346
"1085","1",24.6318062538887,76.9525533701231
"1152","2",21.8481250684212,16.6340823815236
"1195","1",34.2205567714158,68.1204869304396
"1251","1",20.8776028970085,82.5405786211341
"1021","1",12.6211128529408,34.5109739272336
"2020","1",18.5572449907432,51.8247183390143
"1119","2",19.5255326104179,71.6744195298341
"1101","1",27.9999849822134,161.726818917448
"2024","1",23.4448001958898,48.7781513496717
"1311","1",25.9360642304398,101.010259788924
"1259","2",25.7215951824444,13.3182505092102
"1156","2",30.3514087561607,80.2187248270287
"1271","1",26.5066348691189,19.0703083787422
"1088","3",16.8617868114903,94.6419408051321
"1021","2",17.4408582001568,31.6623602883891
"1152","3",23.487564246219,36.6217634686244
"1032","2",29.1162822864746,50.4961181430237
"1283","1",28.2714456997859,136.283998845643
"2020","3",18.1112481489427,103.630498444035
"1276","3",26.8364345001214,34.1139435453292
"1131","3",22.5220442408303,90.594153884545
"1318","1",34.7777749620108,195.777497371399
"1259","1",30.4818518229298,121.376151808246
"1054","3",37.6621095225455,194.877830398944
"2011","2",18.1200292959365,208.582675303047
"1280","2",26.085814154232,204.356336959562
"1063","3",28.5745765492599,218.619133688103
"1156","1",19.8513529685632,228.391324235512
"1139","1",14.9260019623283,254.261989928212
"1139","3",27.8160680162575,251.667532232895
"1141","1",11.0869544662034,222.083410557574
"1195","3",19.98047387598,248.636964036328
"1195","2",27.2319876781444,239.667679087521
"1029","1",10.0563947288902,216.454741797799
"1276","2",12.8300071308376,217.42634890294
"1247","3",26.318194906512,219.360938565982
"1247","3",26.4770664419618,216.902986311561
"1199","2",32.3341438047372,122.681843159299
"1176","3",23.7649690128657,71.5503901865305
"1131","2",23.8267227752149,77.4234638188629
"1141","3",25.3292806492116,116.75426567398
"1271","2",30.1504981322713,69.1552078949681
"1054","1",29.132525790748,81.03589126691
"1023","1",26.0851066022416,113.953839637565
"1247","2",26.5869628109409,87.8288599366708
"1119","1",24.9564555463485,77.306142806865
"1085","2",23.7109733391964,104.467541867547
"1152","1",20.7736179326824,100.929197544596
"1029","2",15.272504921881,82.7702185342947
"1311","3",16.6054463467557,108.307317160296
"1247","1",29.1661638359244,85.0410092391064
"2080","3",32.6359227280702,225.66134072208
"2086","2",30.5030475495103,219.526750964273
"1118","3",37.2324309397635,216.669692704701
"2224","1",26.4412915364446,224.324642961743
"1209","1",41.1649578794871,230.574338160464
"1079","3",34.4239115639775,162.040537500144
"1246","1",17.1752246496142,239.681166790834
"1078","2",40.7594118637734,218.223621913237
"2240","1",28.9461902967234,178.735007396861
"1319","3",39.067106258987,178.331163994267
"2239","3",39.2902690186807,229.368569242891
"1065","2",31.3697781218271,110.718165992958
"1097","3",26.9469448100553,155.694340105213
"2111","2",17.1298298841226,73.4495157925713
"2280","2",25.6148911191036,58.3103560513574
"2080","1",28.4962323984198,71.8990988658155
"2296","1",21.4339097003149,72.303195016531
"2224","2",30.1138803336091,50.5001016923183
"1047","1",1.80791055474317,275.276848909516
"1078","1",28.0275205537019,84.0775338947935
"2208","1",37.1678932743421,198.843214927011
"1150","3",22.7790726386017,81.1653614474698
"2008","3",19.6886541309695,86.9500550783021
"2111","1",24.0096220503891,41.0582771859623
"2296","2",32.7366937718482,60.6173107046952
"1191","1",37.0939351717442,64.4034938080995
"2086","3",24.3082323547284,70.4547852468775
"2280","3",25.3645662079448,77.0097962415608
"1320","1",26.6034569491951,104.761968003095
"1320","3",19.7030885723531,143.674352484753
"2072","1",30.8451486114057,157.137896133919
"1191","3",30.1615262520142,118.901270452991
"1312","2",30.1304820040366,23.6992469709649
"2038","2",17.0999586158821,-4.19578349340374
"2080","2",24.5575540548675,242.760528822285
"2296","3",27.3423221648631,226.002718952907
"1239","2",15.8973969758753,259.196745171735
"2206","2",33.1533841721887,254.512028157824
"1079","2",32.5745893633557,241.015090743675
"1047","3",19.3984411318236,260.035338917314
"2240","2",34.71298202196,258.173421524195
"1246","2",32.0935553000878,245.878380124603
"1168","1",20.3774563251004,262.30853871169
"2240","3",30.5035025131466,272.179548076708
"1319","2",32.9868691508394,251.052796781342
"1168","3",13.7889482447243,282.851415867573
"1065","3",6.77986804919533,262.61852647292
"1038","3",9.93930157871127,237.880414675073
"1057","3",18.3415717775779,142.052941230981
"1118","1",33.7986883832074,80.6304046953584
"2320","1",17.8667395038335,109.669464466293
"2320","2",31.5216368860104,60.771134368528
"1118","2",28.498445370921,98.651953812478
"1239","3",33.2932962008543,75.2889571372046
"2111","3",35.7800523620811,82.671941875585
"2120","2",2.12356072902154,-863.491543924947
"2208","3",39.782414013847,163.513323439741
"1097","2",35.2101673091292,78.7869101892729
"1057","1",35.2986330132689,134.475366573313
"2320","3",28.6170142965202,77.6877372936658
"1079","1",26.5436131979637,122.556620300205
"2239","1",30.424814243017,152.386179224141
"1078","3",23.8811815454836,116.698581407318
"2072","3",31.1866443054823,109.965968586595
"2072","2",13.6659847633002,210.046703862529
"1150","1",12.4064866783913,148.722484314851
"1207","3",24.1791943199965,92.15053125554
"1190","2",6.48036648900317,140.823894058853
"1205","1",4.36537152675236,286.595657299318
"2180","2",17.9358142392801,68.3607626274273
"1203","3",40.748988563733,192.865350188342
"2164","3",27.6284963947048,215.45306923906
"1060","2",28.7773259460242,191.114558253848
"2033","3",32.3255296440531,119.996776138159
"2113","2",20.5810146681551,170.203434249408
"1281","3",29.7808516437887,242.800399141118
"2081","3",20.5733756940898,193.515128922019
"1027","2",34.2092016440496,183.61476215362
"1217","2",32.1095582827925,138.689772374588
"2029","1",18.451002101567,190.394330449342
"1221","2",17.3356451698336,111.130612729462
"1212","2",17.2255805513168,109.809094323621
"1221","1",31.5545947186477,165.965125542704
"1075","3",33.2593217012044,56.3950933431708
"1075","2",34.143467707207,76.5029717166193
"2029","2",7.10319819629315,101.876804900203
"2036","1",6.40213193643716,180.024803822386
"2033","1",4.18162904985806,180.17576476752
"2081","1",19.2057081955336,152.99017305325
"2017","3",31.8865792721488,140.178519901907
"2145","2",28.6589423980516,127.552577262223
"1011","3",13.7280884769863,98.218808470151
"2217","3",24.7656494685467,111.348298745085
"2017","1",26.6555548967885,73.677173184599
"1212","1",21.7233113399115,127.888998433872
"2029","3",10.3561805281482,89.7713708935668
"2036","2",16.5251848011613,148.673881069038
"1212","3",26.6072594972314,12.9994497129911
"1235","3",32.2362475779072,119.072925448022
"1027","1",22.5361097766454,84.4678071947288
"2315","3",24.5721845636835,91.7220672202332
"1221","3",16.0956562019771,60.2868617848469
"2043","2",8.56476425907737,94.505030477083
"1060","1",26.6325177951522,121.777832576238
"1067","1",24.3444376653101,86.3831795756111
"2217","2",29.8581128958543,108.854082784289
"1273","2",10.316840899013,106.830925282263
"1273","1",25.0853226611729,61.625563986005
"1217","3",29.1115263817603,81.8868041446733
"1313","3",6.01223027363194,165.904110938598
"1173","1",23.5524342510433,231.843479980287
"1300","2",3.73588372170709,303.415835155514
"1235","2",30.4100861397719,237.360118144885
"1117","2",30.1277710960091,249.876437572939
"2123","1",25.7125338736974,155.640003688865
"2123","3",15.58557722909,177.431935717681
"1203","1",29.4202110096673,182.3072168066
"2017","2",11.2549467608033,154.129943158068
"1300","1",14.3254399405435,193.721337821337
"2043","3",18.8725940160398,232.113083555643
"1117","1",26.3207865026345,229.627878471402
"2113","3",17.1262609325673,202.620153639276
"1313","1",22.2834973149368,196.256168265632
"2145","3",17.8199118104488,228.492379079029
"1011","2",17.6429947935789,246.781947407001
"1205","3",23.9772855910036,134.552744789704
"1203","2",14.6907649448568,190.452048091624
"1300","3",23.652065564312,129.915373302483
"2036","3",14.0136461593803,150.604435733199
"2060","2",26.7863815241982,90.0310978111225
"2180","1",27.175952267463,166.711151217243
"2123","2",27.0485869930421,142.319998199273
"1117","3",21.8018723059391,148.938425566064
"1173","3",3.42112702409025,267.801173671103
"1313","2",18.4734979385887,78.1012561830724
"1281","2",22.9964349777992,148.468911296194
"2081","2",9.67568866129059,177.071546547439
"2145","1",19.9952800281127,133.765409572599
"2315","2",27.3320319771512,136.684008345727
"1011","1",13.8565666735725,92.1789177520063
"2253","2",27.7121470750766,32.0560299416618
"2261","2",20.9063346335342,155.783058249606
"1231","3",25.3749556971623,205.396289589551
"2254","1",25.3443866634913,118.566786938442
"2270","2",31.8775674696523,148.504823920311
"1040","2",28.0797698156939,225.866224600434
"1224","3",22.4689744552822,197.496743597982
"1224","2",22.2462180565945,148.028376414328
"2253","1",17.82112547692,262.988138046984
"1256","2",3.27814835899322,278.643136774843
"1046","3",15.1783506048067,207.517707398008
"2094","1",2.19919120458871,348.482999545811
"2222","1",25.6394869676897,114.260669661449
"1112","2",26.6928616891765,156.255131984162
"2014","2",23.5713818683053,117.999966850274
"2045","3",30.3195286647408,149.250774356301
"1215","2",26.8512307249893,96.36484297329
"2198","2",22.4328758155386,55.1544440958211
"2070","2",29.841668079553,120.894315383779
"1120","2",25.3716184606466,156.376980441523
"1040","3",14.0791192513247,242.226409047254
"1264","1",-0.466293868622704,404.51135278006
"2173","1",16.4971172500221,127.983299278036
"2253","3",12.7084504957797,180.745095288503
"1030","3",15.0382609778958,94.7755509832414
"1022","3",10.07230350195,95.2919655607625
"1022","1",17.5590971842805,130.992214756156
"2094","3",0.838559633222031,340.379375022479
"2246","3",17.0812427449224,164.992058895504
"1272","2",33.179071682643,75.9287891529161
"2214","1",33.5024434064985,93.1138357809084
"1134","2",19.0100971950261,179.148015648689
"1039","2",31.0683850179911,102.8426973303
"2246","1",6.59152905423112,84.999331520934
"1024","3",23.4324151427374,92.6175321331803
"1112","1",15.6073908386707,247.938175090442
"1112","3",27.5671701303571,169.260200791968
"2149","1",20.658921129629,134.395623831693
"2173","2",6.75835252376451,190.902321340702
"2277","3",15.3893254619892,118.913057209965
"1254","2",24.2291410761869,58.1652817358168
"1134","1",24.636792178216,112.767710364258
"1263","2",20.414620865708,123.09506146283
"2270","3",17.2974203971299,66.2415838273801
"2270","1",12.5004066072467,143.901961645992
"1256","1",17.0104216171363,208.997691520885
"2173","3",24.4714942350343,175.757350762569
"1263","1",29.1373532902764,203.914562999958
"2261","3",31.4525163152953,174.364533568129
"2261","1",21.8589804767073,205.428017449903
"1215","1",20.8374991823783,221.244375132724
"1208","1",13.8043980468501,264.161392601698
"1208","2",14.7756998943138,272.1018539652
"1224","1",14.763275770836,260.189105889561
"2277","1",19.9036327476277,256.958180473675
"1022","2",17.1289704669342,203.696941611012
"1254","1",13.309566698325,242.550907698494
"1263","3",22.0497305610315,189.198267432857
"2246","2",4.60582495823946,204.565041241531
"1231","2",12.7320292656579,256.599611194028
"1264","3",22.1761591886841,145.917892680159
"2149","2",23.2954408134771,114.695139240499
"2198","1",31.782841516066,122.514124749906
"1215","3",31.9502488620162,159.56480747923
"2222","2",23.020086837758,105.07583844359
"1039","3",21.9751860546685,166.864429444004
"2070","3",22.8928838282136,194.263818908948
"1120","1",21.9793768675845,137.018867094641
"2014","3",26.9647679472646,130.249030187094
"1208","3",20.8678046299265,155.430514834742
"2149","3",21.5164061379683,131.205576711805
"1030","1",9.66038789924522,202.733560501448
"1046","1",19.5167550247991,141.518314143955
"1134","3",16.538707388237,115.88366858837
"2286","2",18.4382485029548,139.27625568688
"2286","1",17.2432337885106,157.985021895806
"2025","1",37.4750575911553,142.138891390755
"1033","2",40.7905482582581,186.484472388654
"1137","1",7.82659786092584,228.758753367569
"1146","1",30.3838946985535,135.15813563917
"1121","3",22.2329691165976,130.596629352601
"1129","3",38.2310525249707,116.196997338196
"2144","1",27.9271792005184,135.896930836289
"2317","1",21.037591726761,115.385607051421
"2184","2",31.4554551789745,121.977356741594
"1122","1",24.3741693804059,203.035366877844
"2184","3",32.2883035992872,139.236249024294
"1218","2",30.6825085538364,82.0930515593075
"1106","1",12.5212953491733,222.497627585211
"1210","3",16.7578895666883,264.63157985832
"1089","2",29.232802587012,137.314170675068
"1137","2",21.001030140164,78.0150133498357
"1146","3",21.1543111295691,95.0594828351647
"1094","1",10.2394512560848,191.058514843203
"1094","3",8.45541340016574,251.461606114506
"2317","2",18.304390081559,128.192146230947
"2121","1",14.3205726801584,125.928967780403
"1298","2",30.1657983854397,65.3048633213073
"1218","3",23.2085110388329,83.7016920286519
"1122","2",22.2131421515614,123.531512519055
"1210","2",29.0813497269909,132.639009812728
"1178","1",28.3356904597061,150.561573608792
"2025","2",23.1688104660393,81.9900330377803
"1049","1",10.7622807866574,151.369121129977
"1089","1",34.8464699757625,102.518753541127
"1170","3",27.1615345240028,79.7699155609873
"2144","2",36.3106760350237,75.4534563178887
"1170","1",23.2335271015547,188.189074266448
"1034","3",28.7355583959627,128.799024264639
"1282","2",29.4147621007494,92.1723368822336
"2209","2",23.2091543727833,113.843740782091
"1297","1",15.6322299185347,176.156744334782
"2153","3",15.8449884243306,167.759154017831
"1129","2",29.3109510884369,172.114348980852
"1049","2",20.4511638047699,211.089218081803
"1193","1",27.8306259772731,202.754828643688
"1170","2",17.454300867723,211.769118098151
"2155","1",23.2750076292389,173.4319815572
"2155","3",25.1384103063487,166.973698247247
"1210","1",34.4224024639317,206.770295711917
"1282","1",28.5618365591784,211.213027546207
"1106","2",16.6401067741684,233.813289702237
"2153","1",24.2916358167373,188.478433031677
"1033","3",35.5245209110901,111.789238726245
"1193","2",28.6502373736729,121.943944394786
"1049","3",19.4429445293629,210.543329206083
"1193","3",22.0845249306022,134.667690028043
"2308","1",23.3846122236547,90.9097256591184
"1094","2",19.150228899065,102.446820321545
"1298","1",30.3522938993144,142.468421359237
"2209","3",15.550245322455,129.730087414099
"2121","3",17.13827237809,117.844695437623
"1298","3",28.778366674337,111.706790511336
"1122","3",-0.430521174768521,427.52959413351
"2209","1",26.7853476248464,117.530917474565
"1178","2",28.9579560725486,107.123655811575
"2065","3",15.7669436014237,112.439769595423
"1106","3",20.1705004583746,101.297911939786
"1194","3",24.5126309888543,135.282621811723
"1148","3",27.9558336183021,173.383403153686
"2163","1",36.0272332183749,225.82605110212
"1236","1",33.1465236453873,173.238181596061
"2019","3",33.7496111768111,221.829312823894
"2274","2",24.7076704661235,175.448218703432
"2235","1",25.6369876269235,219.664581116574
"2171","2",16.8587783416071,151.480746360615
"2235","3",34.7218014430862,211.704080169098
"1244","1",29.6057520352917,154.826269641987
"1236","2",29.9224663238926,288.309777729684
"1132","1",24.8317334724686,250.601322449403
"1196","2",29.0528102227956,242.961140557911
"1132","2",7.83102117869638,255.72945301164
"1292","1",30.927937844034,54.0282527037722
"2067","1",28.9768104757998,86.9044843334428
"2163","2",36.5735931457807,118.605249888909
"2147","2",16.4332191725086,85.84418737276
"1035","1",28.7781783607737,78.9822208445197
"2227","2",27.4412050681303,73.3623836748721
"1315","3",12.1484670690497,122.339871670349
"1196","3",27.1429187505519,107.873255357289
"1108","2",23.1105176518004,34.5398746137486
"1306","1",28.0362445186173,91.8339024458145
"2138","1",0.90713858394028,300.509542733949
"1148","1",36.1026634882998,62.0044233165961
"2210","2",23.373860445315,107.434899758762
"2210","1",21.4588540758431,57.1678758377623
"2067","2",24.8461187425696,131.125151466036
"2186","3",12.815826801516,79.2475910858797
"1211","3",23.4851588488902,97.4472956098541
"2203","1",6.67057629978144,136.121775421397
"1299","1",18.2256290448158,71.9326148805068
"2211","1",26.2497177512738,139.208072856072
"1211","2",25.1347968387117,120.772814251337
"1124","2",5.61917761377769,156.186758072243
"2203","2",22.7602965765783,105.993940346272
"2250","2",21.9277098083465,20.6978769433788
"2098","1",7.76651329488974,83.3854653314311
"1292","2",21.7839207923586,248.045991856506
"2186","1",11.0616158912555,223.376580090607
"2067","3",28.3076559160904,196.344733256353
"2019","2",28.2626720065233,230.720829596899
"1299","3",13.4103135429847,198.438313007659
"1147","1",25.8813186627078,194.073766450019
"1148","2",0.315962714208245,368.07409041101
"2171","1",12.0531093242639,293.922056937017
"1036","3",31.2610282367824,208.547913324115
"1116","2",20.487094200643,236.086696303045
"2186","2",11.8912872244594,223.688135641123
"2227","1",17.4455408108485,110.565273694577
"2250","1",24.9460482921168,104.20136547078
"1155","2",33.2502996380833,126.86644536397
"1155","1",38.7197776913961,152.930021860113
"2019","1",35.9377761928824,166.369914105062
"1306","2",12.4224615464003,150.87123469056
"1147","3",22.0085745702003,146.367346583242
"2227","3",16.9913004955159,91.359423008885
"1108","3",28.1007757527725,133.082008524938
"1124","3",22.1012642567665,46.6348322651616
"1132","3",18.5451221287599,95.8212350581007
"1147","2",3.9912702965892,199.924265650777
"2138","2",24.997445541116,89.3429483845079
"1253","3",32.5406181233477,197.305837998509
"1253","2",29.2008192035637,196.302128597151
"2134","3",29.4327128296978,214.79190461367
"2129","3",31.6349348747051,162.36273848131
"1070","1",9.74688522348754,209.314842676814
"2030","1",32.5590464800917,191.682822118902
"1053","3",35.6900169140856,230.725471429243
"1069","2",29.1257495048145,230.369963146876
"2301","3",21.9077592639163,207.556002712458
"2085","1",18.5311801322328,167.055275386059
"2013","2",23.7612518455757,134.56064689719
"2172","1",40.6171508834553,112.148357411162
"1070","3",18.7749338489677,132.880997297057
"2142","3",23.6529613198427,149.805698386897
"1062","1",25.0751920683523,136.720543818858
"2140","3",29.0758533436714,69.0726884354766
"2284","2",32.2486302044398,107.084399085093
"1142","2",27.1665466931272,94.5659124900833
"1142","3",41.5741476373591,100.065096240219
"1198","1",26.6003175510946,82.4459778968517
"2220","3",20.4794234283645,136.187367370257
"2117","1",15.7915874713736,139.614605261942
"2229","1",14.2963553092461,250.394860847548
"2125","3",18.2846567205415,116.523870408635
"1165","3",21.6147006527265,127.748341171506
"2125","2",22.4705891281365,38.8567396069992
"2013","3",32.5556179855477,113.05179689604
"2085","3",26.1314405254902,129.05836053566
"2182","2",33.4283942589874,133.353504808446
"1126","2",33.4475874286892,119.268786310752
"2230","2",8.88503769245315,98.5457161041943
"2124","1",21.5797867202154,109.420180078196
"2218","2",27.1547312768114,97.4009703399094
"2228","3",22.9298265543311,59.5080982880175
"2284","1",34.2647094994915,90.9087816384619
"2229","2",22.6658327131985,114.540617729233
"2293","3",23.9005294288993,137.594788982758
"2053","1",17.5244232354663,88.722809334713
"2293","2",23.9738068509998,122.767150174079
"2085","2",13.3925119337558,209.396169209416
"2284","3",13.8909396887114,196.382452097282
"2140","2",21.454859736829,201.492499518075
"1126","1",18.9842719521434,274.380565441894
"1070","2",6.99114523579181,270.143978546258
"2140","1",24.1578204230533,207.545952052983
"1062","2",18.7950820564775,220.274387443062
"2118","2",20.4251438081864,237.548731764092
"2182","3",17.2206329534179,226.641686683589
"2118","3",18.9771492339085,225.850015903377
"2220","2",16.8914494051825,230.989162820168
"2030","2",15.1404127646772,231.578283758135
"2293","1",19.5863859648742,233.722289551754
"1125","3",6.68442179146801,267.812769310744
"2021","1",15.2057036881436,215.109026019156
"1125","1",4.54059514939993,203.188341534263
"2213","1",13.56009631675,189.880415021502
"2125","1",14.529071709279,165.387081027657
"1301","2",31.0325685799463,109.636092953196
"1301","1",28.1019571112501,141.507392075795
"2172","3",12.1887459202281,29.1266918067987
"2134","1",30.2914375280659,146.97491799962
"1253","1",4.25518926050621,343.028439817677
"1126","3",27.247649262329,132.202384800972
"2134","2",21.2752616853792,135.906245411351
"1278","2",18.3025059483784,153.946013647637
"2118","1",37.849121588714,137.716242701887
"2142","1",19.1266604168628,176.60102646355
"2142","2",7.79999146459643,70.7368283378958
"2220","1",21.5048938225999,124.578657423036
"2021","3",19.2785976497942,145.757944564945
"1165","2",19.7854271478907,125.123252626974
"2053","2",21.0342271676303,137.751489093456
"2053","3",25.7555630841765,131.705980156813
"1031","3",30.4396337770118,268.331892009189
"2119","3",28.8345590054364,228.666195738541
"1103","2",13.8852047937799,315.908665926356
"2055","1",27.6096135750158,241.729490389557
"1135","1",12.4037686013738,267.23362232905
"1288","1",24.4375554094217,213.049320552959
"2032","2",21.9046297516651,263.765767394678
"1288","2",28.6609704787638,253.740606612418
"1240","1",31.3398488891221,203.284124066775
"1009","2",17.4228590612096,246.856826258346
"2200","1",30.8579479214811,195.27715105135
"2264","1",9.9003742998732,241.557723423321
"1103","1",12.7929191112063,338.554519206825
"2135","3",24.7973441866788,171.830774982132
"2119","2",27.4793520907494,99.5764468668192
"2071","2",26.0463859925218,165.908943079722
"1015","2",23.1695891488503,142.000295139775
"1071","2",23.8615778696904,94.2493048688212
"2311","1",18.8186711537659,122.369459590958
"1296","1",24.8489828787131,55.8646375233888
"2264","2",24.0818301947791,135.600021630832
"1016","2",26.7707947940215,65.6239110724793
"1192","3",41.7102439617974,148.809691869253
"1192","1",26.3140436197697,124.633930247223
"1031","2",30.9021398434604,169.123281468912
"2079","1",19.0370929081776,19.198982502476
"2279","3",25.7083832027624,37.767299262826
"1135","3",27.1360369055511,55.2280516633368
"2263","2",9.92520342839434,152.756416163902
"1223","2",24.9292037543786,109.179110458535
"1128","3",11.6012199607702,89.362091899487
"2311","2",16.1202195862539,139.765847796399
"1296","3",23.4770918893733,101.25600684619
"1058","2",26.2749419341405,142.269014349748
"1071","1",20.6086718601903,65.6516010600777
"2264","3",14.8883802446289,98.1202799152172
"1128","2",12.4204902216942,197.638355037971
"1128","1",6.58288384425477,206.421166375384
"2119","1",18.0902840376742,204.491680030737
"2295","2",7.25519487897424,229.409037495812
"2287","1",12.3556007358406,228.346639063672
"2287","2",12.7128890212243,226.91567194504
"1240","2",20.328960290579,226.151851002831
"1015","3",13.6162405883056,238.492599516168
"1296","2",17.5916466438149,206.688238911769
"1080","1",21.3707551708329,222.197167907091
"1058","3",12.2523774983673,228.945202052583
"1009","1",7.31430433280197,233.528856822623
"2295","3",14.4747154755399,124.6530739241
"2135","1",31.0854231431765,126.497224500189
"2279","2",19.6212819809014,164.547827936812
"2079","3",16.1607136247201,103.956813613697
"1071","3",22.3358315551619,148.403549204123
"1031","1",24.9351400979707,151.114445264233
"1303","3",29.7453575939118,107.889398625723
"2263","3",7.53396782785715,190.451736086756
"1135","2",13.8642367703925,127.727420491717
"1240","3",27.0573150968985,106.502131668323
"1073","3",34.7067080840459,131.502747844411
"3032","3",12.2490446779123,133.506738061844
"1016","1",18.9816737868067,120.834690357252
"2195","1",15.2241458124973,268.146073804959
"1077","1",25.4624277185943,259.166633755572
"2195","2",33.0497991398313,134.673046824103
"2006","3",18.4571836806,202.904270934235
"1186","2",9.58019878758954,291.791176893187
"1110","1",23.0028901175116,211.051470357419
"1309","2",28.9051955173763,118.326224880635
"1092","3",17.763094747699,230.495085620504
"1092","1",11.11618680808,271.739164616289
"1316","2",31.2465532018408,191.661052623419
"1066","3",31.1677802255252,120.691981450706
"1159","1",16.9688642476306,164.164668137394
"2102","3",22.1718138304392,167.604419371064
"1133","2",13.3245920090668,91.6481882055224
"1133","1",14.7698040907563,157.301367842389
"1186","3",23.2074525024523,100.61341477736
"1174","3",15.3347404434107,276.293760748424
"1174","2",31.0976334736177,151.221476163659
"2318","2",22.3230633903647,127.926306398042
"1059","1",39.0559559194401,149.972389354144
"2010","3",11.0112428123204,220.805287714708
"1174","1",41.042765995594,115.855501502844
"2188","3",15.4951446737493,117.769686442107
"1295","2",17.0199939738621,126.352421981612
"1159","3",12.2249826635928,221.233621352494
"2202","1",12.2001015004075,216.249359716757
"1013","1",28.71293679271,168.004526243867
"1013","2",21.5512026016978,202.180057662293
"1243","2",25.1506027985496,203.955235931833
"1186","1",4.01750101862961,298.36334430159
"1309","1",18.7900017289154,212.253519088477
"1316","1",23.4831906463739,252.368720069944
"2068","1",20.6181783183983,206.932732061926
"1066","1",16.3146079146725,244.388620942463
"1243","3",12.7994515930134,227.501794235896
"1110","2",11.2296361177207,241.81848901321
"2202","2",7.66585171091033,243.890547776521
"2318","3",7.73897282355714,287.806351718712
"1013","3",22.4282730055978,227.086364210949
"1182","3",21.0893579503924,267.970733026389
"1005","1",5.15967370061029,356.111739019429
"2202","3",10.7144509765755,262.671868269821
"2197","3",2.23680418897478,348.004546862112
"1274","3",17.9014685979482,246.817551598383
"2068","2",8.14794661552055,252.086548236908
"2215","3",18.2536750085402,241.058905477649
"2195","3",17.9950966031264,263.868821436912
"1066","2",18.2834727626254,231.109540230904
"2015","1",13.656317349721,268.662625056618
"2061","3",17.5865974032629,225.594578293485
"2015","2",8.46147122535127,279.136513912357
"1077","3",19.9911545383862,168.838038392659
"2061","1",11.5294684184832,59.7849123310553
"2251","1",25.5199421505624,131.990464882659
"1317","3",33.0488771879261,152.920723125667
"1005","2",1.81935870061239,305.268608740287
"1059","2",23.899707382033,147.282328045457
"2188","1",14.0229513286329,157.367181884153
"2188","2",32.5738257976709,131.415960479651
"2131","2",14.7682393177151,80.7959756735732
"1295","1",34.4786760294928,144.596280642412
"2197","2",16.924713239189,155.551308279719
"1226","3",23.9874821690307,229.236811126169
"1200","1",28.7356613723178,154.472872467805
"1095","2",21.9110642876338,299.718930698193
"1025","2",26.0499219221575,205.830561973462
"1003","3",28.3820381343528,103.793936060635
"2219","3",29.6890296968463,228.244598024294
"2236","3",24.321986457428,247.494433836384
"1048","3",31.8658973159609,224.162634685733
"1041","2",31.5901673486899,131.555942132824
"1270","2",10.7597831616654,306.289120637586
"1270","3",8.99821495736301,229.16608300576
"1261","1",25.5090094034234,237.610941936235
"1149","1",6.50583186287548,295.914784015346
"1200","2",30.8346712321714,142.762532353489
"1041","1",31.8100864177806,122.127347954118
"1127","1",22.4337687782431,166.104380002084
"1127","2",16.9760004019918,122.3767918449
"1048","1",31.1483675165204,118.833011516729
"1275","2",3.4396788217296,270.828660074025
"1074","2",16.3928193734334,177.328656803951
"2100","3",18.3216267485079,140.450392771002
"1003","2",29.2343888793996,106.525048946921
"1270","1",10.2580758447763,185.139838887859
"2087","3",20.5273401322404,116.850542557925
"1261","3",24.5345253751588,206.544887243795
"1200","3",23.949479484864,129.684129453786
"1185","3",36.7403694452968,51.7183712837197
"1095","1",28.9175468281546,146.355016082338
"2159","3",28.1141717676077,173.386456752611
"2004","1",20.6658294748298,200.435897149265
"1138","2",26.9719052241448,207.037811045092
"1222","3",18.1595400383709,88.0019134493908
"1185","2",10.7950268223637,198.888169522145
"2087","1",0.0741219088150064,384.671747758525
"1285","3",2.11727245441354,327.123470073192
"1226","2",23.5959757522499,240.560920947471
"1226","1",22.5958440831017,228.510047182466
"2112","1",18.7291597372765,241.330369137551
"1074","3",6.09650192409773,235.771950705284
"1275","1",18.8335031131558,280.346988637364
"1138","1",20.5668455515274,246.140812959864
"2159","1",18.9933348442356,205.235880936384
"2257","2",5.49519043285511,303.616031055522
"2219","1",17.6476703152401,270.71522233287
"2236","1",19.381727660052,234.092910213387
"2236","2",20.2223951287828,222.047677600199
"2112","3",16.0799119604289,245.063364016057
"2031","1",13.1402195273189,282.527680140036
"1149","3",6.59293276710606,302.526527537697
"1285","2",17.3545510919637,258.545475321891
"1041","3",29.5573681868902,139.092636188105
"1222","1",22.1684809912837,106.91313199277
"1025","1",7.96125045618408,212.576304835061
"1275","3",23.2290370924784,167.729204055664
"2219","2",25.0452924866251,176.62468376604
"1138","3",25.3676590652944,218.448881215792
"2257","3",10.3766144202039,154.51839491118
"2257","1",7.76620353735378,269.066606461893
"2112","2",27.3809429205211,122.244356145539
"1285","1",12.1233513740945,265.644237590722
"2266","3",11.475557903042,137.700247388718
"1187","2",25.4889018826759,192.75686920927
"1068","3",20.449472261295,188.561559284735
"1068","2",17.8480398095666,201.496439733283
"1179","3",33.748364509665,178.543221585178
"2290","1",16.9835854712111,221.839760476187
"1228","3",22.4724950359104,227.366518298744
"1252","1",29.5290893234397,214.805919578131
"1100","1",21.3523930011509,204.386304502366
"2037","1",20.3592990310686,246.099309820298
"1113","1",4.87825565044419,235.076956934222
"1113","3",12.1300535588974,310.997628414481
"2037","3",6.17402275553434,283.967445703019
"1115","2",12.7720978495626,192.113173337747
"1197","1",8.85288652066182,260.38419330013
"1187","1",35.1592212147116,202.484754345837
"2101","2",24.5630098472473,77.5628835019385
"1061","1",20.274068399355,123.350900522254
"1163","1",32.640090424195,187.75171950153
"1267","1",16.722235730616,276.188776100106
"2290","2",24.5488768527918,156.051300465168
"1267","3",29.882931166943,104.704531055026
"2083","3",15.100369349232,209.024623071143
"1227","3",13.0438930543371,223.110286512597
"1100","3",27.6701943856611,123.951224364934
"2133","3",3.85517194250701,362.951685085954
"1307","1",25.6006008455089,67.4327824040625
"2095","1",20.0819606358625,70.6797415587911
"1026","1",33.5072193379522,118.988674999378
"1289","1",16.0562744157206,164.695591627447
"1233","2",32.7304855911124,91.86100944685
"1172","3",16.0201705117413,168.282892639778
"2083","2",27.4495934112651,159.301628815113
"2168","2",29.6974890817627,77.8872039948097
"2165","1",27.5108995012512,99.3251814946869
"2095","3",18.8574165098288,156.276808197106
"1268","2",17.6191414704012,144.731153388215
"2168","3",6.01988185354483,103.25930518624
"1061","3",21.692223093376,241.987730590701
"1164","2",16.237194245734,244.698084193193
"2133","1",20.2146716034424,192.928235232143
"1113","2",15.8712801230556,192.092631921912
"1268","3",17.0232415967053,247.404176094754
"1233","3",16.6849913443072,235.241240699858
"2189","3",0.258821956120934,312.469297700148
"1233","1",21.5061568021836,179.679619437475
"1169","3",13.2260620919776,194.052763641504
"1026","2",7.68846069540445,128.194904776465
"1179","1",9.46571828688503,227.726620858771
"2165","2",10.673400158563,264.688491479642
"1061","2",16.0862152082267,176.917754405598
"1289","2",9.27735726318158,170.986541149072
"1267","2",18.085098665857,196.06987669207
"1068","1",15.1836996646549,60.4579522858546
"2101","1",18.7600395551625,77.7079469670121
"1228","1",14.4121487357128,240.812809370863
"2168","1",22.652090276954,174.144833168431
"1291","2",9.20749112154926,123.609870983133
"1169","2",8.34811986408164,313.533743643294
"1197","3",6.74078495877368,287.936083799901
"1291","1",18.9079663030476,95.7701300500189
"1164","1",7.43992414408241,263.988968321601
"1044","3",37.6999932218971,186.976935848421
"1144","2",15.0523424740957,144.485816789731
"2207","2",8.57845349337477,280.801363661989
"1279","1",17.674310418576,283.846709212254
"2143","2",29.0983256145843,137.038554506189
"2207","1",7.68413632050877,304.06469699105
"1257","1",21.204897483257,120.940965375196
"2207","3",7.15410983260738,223.645953023095
"1232","1",26.1425791008344,218.06355107442
"2062","2",21.3411584952351,213.175249374087
"2062","1",13.179789699985,211.67061830504
"2128","1",23.6118745309214,201.235890182058
"1241","1",24.6514093028279,139.472727843926
"1087","2",18.1247868391416,229.361243765094
"1102","2",37.3315149945602,135.493737953549
"2103","3",15.3116841688419,213.001348105641
"2103","2",14.6117923975554,227.975390367255
"1262","2",9.85436848061177,261.715886904875
"1216","3",27.3596528787318,128.740726291885
"1279","3",12.5117129304475,232.493476215177
"1279","2",20.0943534508748,142.622053244639
"2063","2",11.5418464219629,233.712324475326
"1286","1",12.3719738136317,243.770763920122
"2062","3",1.01151782074428,295.724131379239
"2136","1",3.37452883717986,37.8705553281543
"2039","3",15.9768128485808,169.067951055257
"1230","3",24.3747635163632,134.991453192801
"2039","1",11.2505135938129,38.0839159060083
"1144","1",19.4642504939713,111.420413574504
"1232","3",20.2326760238443,112.661716605328
"1257","3",28.5766428246849,-9.30255517308142
"2084","3",23.6724000601682,79.0051184651527
"2128","3",30.8683476788827,75.3851424725689
"1286","2",12.8869596668395,205.08544562108
"1206","2",23.8901794808095,197.864336407133
"1102","3",25.6732199417979,188.512981855499
"2167","3",9.74141766984145,225.477912014837
"1286","3",18.6927455007925,229.498830963723
"1201","1",24.0935792687658,231.370069429722
"1087","1",15.8429841429082,244.783249122952
"1183","3",17.307571801313,235.80494416736
"1245","1",15.7529201585179,241.178998051754
"2063","3",7.48868076270145,262.217944654453
"1230","2",22.3719948301958,235.936169540148
"1216","2",10.6127518262159,261.180366323995
"1104","2",14.4166945022115,240.945020335509
"1104","1",13.4028117659646,182.372639508888
"1245","2",18.5642830189207,172.448514997527
"1201","2",19.4074889908463,193.744739046105
"1102","1",31.4123985889013,116.340384337768
"1044","2",26.327000612445,114.835662344598
"1287","2",18.3707510238075,203.989868650784
"2007","2",15.3144693968105,180.501945095453
"1262","3",9.51123831282674,270.495833593354
"1232","2",32.1185676942312,174.865950749029
"1245","3",18.8762699006857,163.232379249706
"2107","2",21.6377440354383,133.184570779932
"1087","3",11.9411772024651,178.974170315138
"1183","1",29.4383163313001,124.352725932727
"1262","1",7.96533951545076,197.315313167159
"1014","1",25.6600328434919,241.278039359875
"1064","2",13.403970591308,224.129750862587
"1229","2",17.6241249945438,207.827740152593
"1238","1",24.8715411858077,125.986711689306
"2262","2",24.7214797736539,264.657904291719
"1277","2",38.5326006095834,138.228938324686
"2069","1",32.2047836301237,197.43986215892
"2109","2",21.5003189403395,189.428831435985
"2205","3",28.548959392113,201.569895425013
"1189","3",18.8101129474026,143.017205979637
"1294","3",24.4592092832057,233.845415818796
"1248","1",34.9858434205964,19.3848063141602
"1160","1",32.7814551555238,100.657616068106
"1158","2",19.8241276210569,72.5457994960947
"2166","2",38.1630693980619,117.763941690409
"2205","2",28.2546825488146,118.937478093876
"1293","2",23.7083097697092,164.89903715388
"2282","3",12.8856095307644,137.827337296676
"1158","1",15.912963202224,69.3115608382801
"2262","3",25.7358704659317,96.1321910278244
"1160","2",11.1490059416876,242.659257839426
"2282","2",14.2157244432538,224.587686148603
"1229","1",22.3562928047121,193.212403961197
"1213","2",15.1932079686273,204.001280289264
"1277","1",18.9833050099213,203.28128899478
"1189","2",16.6463629623546,233.584969689555
"1188","2",21.9062306031854,202.911782526003
"1310","1",14.2045107970229,240.584547739564
"1302","2",12.5660705148256,285.822355477591
"1302","1",19.7828516849917,230.033219714358
"1294","1",15.9522684336852,222.301072230254
"1293","3",18.8793911060347,207.357957260871
"2278","1",17.7625792144238,174.20349819752
"1136","2",23.2193189666447,109.89931059599
"2282","1",26.1290857890863,125.236713906024
"2116","2",25.5908808728729,153.931884324293
"1006","1",16.3021861888207,113.089625136295
"1189","1",26.7021149950472,139.142774700633
"2265","2",17.5644037578816,117.613470054491
"2157","2",9.2242913079709,121.230497742705
"1293","1",20.3605384516937,165.064518960159
"2166","1",17.54027991202,251.119390950083
"1006","3",23.407182452888,127.229337771511
"1294","2",34.7306278245014,122.464789080453
"1064","1",8.31483641541818,231.645097885801
"1248","3",23.8824508852405,92.3752930545541
"2166","3",35.321546878175,141.246783578965
"1143","3",24.3895376596855,192.146968199149
"2054","2",44.1498525096031,185.118078991606
"1171","1",26.6350406800102,232.445589301542
"1083","2",24.6087648095228,213.634303292937
"2022","3",31.3502693270218,200.150047114952
"2022","2",37.8613785285478,152.693293806293
"2126","1",35.5787962639296,230.960864508218
"1181","2",15.310548761026,274.482116908652
"1220","1",30.8957084096947,223.814088699357
"1143","2",20.4359531080041,127.687108369808
"1019","1",27.590643264394,123.455571149624
"2154","2",26.1747401367568,199.900517005545
"1181","1",29.4425324349402,22.2970010464254
"1220","3",26.4311433205503,181.515879055765
"1105","3",12.0106463695371,271.608288659437
"2206","1",18.0157307298706,51.8732349489891
"1269","1",22.5437180393767,-13.3711621641806
"1151","2",32.8319512112199,54.6468527663105
"2022","1",24.7452586254989,64.2594324586274
"1143","1",15.4380520490223,186.545850379853
"2054","3",25.5944577979266,170.47506415427
"2154","3",18.2508904716768,247.178055537171
"1171","3",23.4560754181346,189.397921138906
"1154","2",22.6543318621963,200.544487019339
"2206","3",15.3942900687241,214.220958233258
"2126","2",22.6867184496612,226.974516062979
"1055","2",6.56712055031869,248.781447030307
"2088","2",11.1450881318965,206.709953775375
"2096","3",5.00374702481145,275.450396466941
"1019","2",25.3540791526133,130.993168178094
"1181","3",23.8564171795649,116.822699948346
"1154","1",3.17345720695422,274.505170634628
"2126","3",34.7879731072843,174.183614871007
"2206","2",6.51466654686856,182.680216462818
"1171","2",31.8492257873659,132.26520227991
"2285","3",29.3671738465713,77.9674480728776
"2306","2",21.1900575584203,144.916758270139
"2051","2",27.8994644626095,219.520245523106
"2237","2",17.66648601908,248.992972662771
"2199","1",33.4236215454486,143.377684237315
"2247","3",26.6106848885459,229.487408907749
"2127","2",29.3736673669918,145.637566264601
"2259","1",18.2204857770267,224.644543654076
"2212","1",26.5111501669302,161.011525508488
"2215","1",17.3530492161889,194.860021598863
"2090","3",19.7061109029311,195.710816785997
"2051","3",9.43717843176123,203.29573366578
"2237","3",15.5,71.2
"2122","2",28.2,41.3
"2309","3",8.36,294
"2150","3",29.1,67.8
"2075","3",20,130
"2191","3",9.02165848043761,256.162784487425
"2122","3",18.0750036288148,137.619113501638
"2218","1",30.609870455612,131.958001084332
"2302","2",23.3972504511861,142.177093065088
"2199","2",20.2202597144137,137.171753060384
"2150","2",20.8818840011533,184.508865262054
"2183","3",16.3915610770836,185.620914001498
"2259","2",22.8189440088089,157.794988023594
"2047","2",26.1801274651734,112.653534502981
"2174","1",21.0820007828382,178.926324319623
"2183","1",28.4408515791657,212.838819089829
"2091","3",23.3947891016318,225.1283201835
"2091","2",24.6498276360371,217.320792927009
"2299","3",28.5985175709358,205.128491608613
"2242","1",28.1155359689389,250.799448819653
"2223","2",20.1813914442179,230.325696054014
"2302","3",25.4665518086316,219.726317069203
"2237","1",17.9797306490705,231.681553145378
"2175","1",27.5489567969507,204.405328268479
"2223","3",19.4570364050264,194.995562088192
"2082","3",27.0926522516749,200.01086350895
"2260","2",21.3196690570981,232.63140604093
"2269","3",17.7424363401702,266.858246413383
"2075","1",14.1094824590632,266.332136065305
"2127","1",41.3008449933203,102.397357448023
"2285","1",31.7401762629398,77.1816594528959
"2245","1",31.7730211711276,103.693470925675
"2191","2",34.6169498806962,102.637674031316
"2309","1",8.75198858795155,194.827504802874
"2150","1",21.6661991938855,159.621553482146
"2175","2",31.911260408535,86.6926104189205
"2306","3",5.93497776196223,154.028663235853
"2259","3",19.9574213596811,113.321813641978
"2300","1",11.7538114661599,105.770568994714
"2269","2",22.4282205729801,163.037717622548
"2194","3",26.5998163018631,150.47319952583
"1225","2",36.6508614333832,174.156585626099
"2114","3",25.7369947004055,160.629763317008
"2193","1",25.891371264722,183.273034294341
"2066","1",35.7370154668982,230.786356299516
"2066","2",40.2477627624113,147.628526994954
"1050","2",28.1826308299685,247.972767795268
"1042","1",41.5544114182273,254.205923592636
"1258","2",43.1736404655241,209.648284712056
"2048","1",30.3996520584702,222.698121529676
"1130","2",36.9165622451341,196.528117272
"1130","1",39.6675744633921,247.801851152039
"1018","3",17.0910508855373,275.690116249955
"2272","1",39.3739815311154,274.380534373343
"2193","3",15.2569909275751,253.055337151312
"2161","3",30.2129818959926,132.795027116972
"2160","1",36.4274237059729,139.633642414569
"2106","2",31.8372551228913,108.186916057873
"2169","1",21.2210338586204,103.699487179402
"2089","2",23.2141036838295,118.165752374828
"1161","1",29.7946033346918,89.067502948679
"2066","3",37.1595041205225,98.2238893613356
"1258","1",32.7346032871806,109.061952961669
"2305","1",3.78136560359003,268.946624413077
"1250","3",20.3632119033919,75.924232994936
"2114","1",23.8240451344377,71.8360177217044
"2106","1",0.547966889627396,263.333495229162
"2304","2",8.51042370093813,227.488915775074
"2256","1",9.59059355321043,167.116501542491
"2248","3",22.0523114567953,89.5299755885264
"1290","2",-1.03585599796359,420.082817936368
"1153","3",33.8579994779483,118.861991999485
"1225","1",33.6954928835813,123.860923757394
"1314","3",5.58370613384625,231.12808638356
"2271","2",31.5244327049503,125.444430313227
"2151","1",24.0810201963878,143.805996989215
"2271","1",30.9113124616994,147.070846388814
"2305","2",21.0449527576112,66.7374111432193
"2073","3",13.7514298368553,87.2061358392474
"2304","1",18.723555986244,80.956837921453
"1290","3",13.1666599039068,58.2927942068016
"2161","1",32.9294867867178,258.135519861879
"1153","2",28.1136124353071,222.141322400749
"1050","1",25.9721630577661,230.811563234841
"2193","2",21.2465367122739,224.041648091604
"2281","3",30.8734647608432,255.869984270652
"1161","2",25.2666459570754,233.594529238394
"2151","3",23.7573585109599,250.600677037851
"2160","3",29.6124361804313,254.515119337798
"1258","3",16.6186584228747,281.299780938801
"2064","2",23.7214760913568,251.309423619027
"1018","1",6.14845640013007,327.934718982155
"2256","3",7.63669213489508,282.526500397168
"2272","2",7.86874434152886,290.802828007854
"1290","1",18.495539841448,259.849158957937
"2169","3",24.401185477601,279.932861389888
"1153","1",31.3941827016057,147.446113498129
"1042","2",32.5083803207381,128.844751134619
"2042","2",15.9186598358814,181.59686377382
"1314","2",10.9101147114846,182.004570736175
"2169","2",19.4949190307984,124.184038293309
"1050","3",24.9763981669736,142.18295582443
"2089","1",24.8194515138357,106.596844928516
"1161","3",33.0407732112031,132.198788497592
"1018","2",18.5114638239505,77.0581789247594
"1242","1",19.5790118843198,134.972049787149
"1130","3",23.0486682187999,130.923223775144
"2114","2",31.8342103483011,129.669001175389
"1002","3",27.1458954039536,77.5299220233805
"2304","3",8.9377653550963,140.976174863598
"2248","1",24.3276324129082,84.1766256670474
"1123","2",35.1859394159669,198.716922215179
"1043","1",38.0550115678089,231.729448813638
"2268","2",32.3900514234046,114.324548476318
"1284","1",18.904173535069,223.35174812301
"1308","3",21.1858381785484,256.395270658871
"1091","2",16.573002714786,222.209976951252
"2268","3",31.3771726625481,219.719320691237
"2258","1",33.1826015704896,228.412237118024
"1093","1",36.6117715774648,258.788959610395
"1107","1",20.2880087406529,122.54221038223
"2182","2",0.921059648048413,142.706418098088
"1093","2",27.2733700829843,130.81439078463
"2258","3",8.51014181223845,32.3035885872706
"2120","1",30.8231302615735,32.6533885101303
"2141","1",28.8345297286372,96.5781285452966
"1052","2",20.359864722861,36.8245145873374
"2108","2",37.1399189055114,50.1891351773
"2076","1",23.6923784179552,78.9415592655412
"1204","1",23.1476689514798,112.147732675878
"1076","1",18.6288106570133,97.1207121747824
"2204","3",38.5064956606181,100.535824021906
"2244","3",34.7751147642814,74.682594300542
"1123","1",34.0691121003839,119.649169245538
"2314","2",23.4195122331312,96.9625135824658
"1107","3",30.3607506566992,129.280162314308
"1091","1",30.8704846750956,86.754199906119
"2181","1",5.72842457289699,130.355141554613
"2141","2",18.574073988286,101.234547367306
"1219","3",28.5139912281177,87.7227882988359
"1219","1",25.2935434733154,62.5299208731512
"1204","3",25.3935179552969,94.2000691126691
"1308","1",16.8971577852738,19.4245886572896
"1260","3",20.5168435323496,-49.4048505420524
"1076","2",22.5376616327278,34.1430870108978
"2244","1",27.6882516837816,149.71477140403
"2108","3",5.8181497080916,9.83564851116439
"2314","1",20.4841739108476,38.4434645388324
"2196","1",13.897533578517,-3.08055560803827
"2146","3",19.7201413726464,18.7809865075395
"1123","3",42.3806877689935,77.4230341478441
"1043","3",38.6495647175451,125.515661941685
"2181","3",2.5519697814354,-18.6208870215591
"2221","2",28.9522541520865,-11.1177732332066
"2170","3",16.9116931587062,204.469561161879
"1045","3",6.95224770334523,273.493182742881
"1180","1",36.1421158804631,266.987678597387
"1204","2",23.7762925786658,289.510067915036
"1020","2",29.7264432132108,264.863906472015
"2148","1",17.7667025838315,284.539073029329
"2108","1",21.900700462749,266.709570699861
"1260","1",21.0915719683158,252.521252216696
"2234","1",10.4554527271253,296.157186780911
"2196","3",17.8645860177738,234.827527713165
"2268","1",29.2927232445894,243.317271412679
"2307","1",7.37196083292212,306.436804135994
"1107","2",28.1742697913926,278.604921536386
"1109","3",26.157040144883,240.763316693678
"1219","2",20.6680810699567,165.078210171298
"1091","3",32.2252571547806,122.009210290777
"2258","2",17.5701499650532,73.8946810272256
"1308","2",19.609392376859,142.610950179968
"2076","3",33.9525128394834,157.32739882652
"1020","3",31.9424811393101,123.746955847121
"1284","2",28.0023606966854,128.246492398236
"2234","3",11.7755726097232,156.209383883774
"1020","1",27.4572073128536,140.118499848166
"2204","1",32.7956854679255,124.070753157947
"2204","2",28.5962018239962,112.653843353827
"1043","2",26.0311671820345,157.103152017321
"2146","1",28.088324644451,122.659141906705
"1045","1",6.4614662363701,186.959616273976
"2307","2",3.77759457704091,170.044420618023
"2221","3",28.9237645195288,133.289811116746
